Reference	ID	Tags	Quote	Occurrence	Question	Response
1:1-2	s10b				Who were the two wives of Elkanah?	The wives of Elkanah were Hannah and Peninnah.
1:2	hjmd				How many children did Hannah have at that time?	At that time Hannah had no children.
1:5	vmrz				Why did Elkanah give twice as much meat to Hannah?	He gave a double portion to Hannah because he loved her.
1:6	dka6				Why did Hannah’s adversary provoke her?	She provoked Hannah in order to make her upset, because Yahweh had closed her womb.
1:9-10	wvqr				What did Hannah do because she was so sorrowful about not having children?	She went to the house of Yahweh, and she cried very sorrowfully as she prayed to Yahweh.
1:11	wm8k				What did Hannah vow to Yahweh?	Hannah vowed that if Yahweh would give her a son, she would give him to Yahweh and they would never cut his hair.
1:12-14	iptr				Because Hannah was speaking to Yahweh from her heart, what did Eli the priest think about her actions?	Eli saw Hannah’s lips moving but did not hear her voice, so he thought she was drunk.
1:15-16	jd1k				What did Hannah assure Eli she was doing?	Hannah assured Eli that she was not drunk but was talking to Yahweh because someone made her feel very badly.
1:17-18	v2fu				What did Eli say to Hannah that caused her to go on her way, eat, and no longer feel sad?	Eli told her to go in peace and said that he hoped the God of Israel would grant her request.
1:20	fogg				When Hannah conceived and gave birth to a son, what did she name him?	Hannah named her son Samuel because she had requested him from Yahweh.
1:21-23	a19c				Why did Hannah not go with her husband to the house of Yahweh for the yearly sacrifice?	She did not go because she was waiting until her son was weaned.
1:24-25	jwfq				What offerings did Hannah bring with her when she brought her son to the house of Yahweh?	Hannah brought three bulls, an ephah of flour, and a skin of wine.
1:26-28	ftp6				What did Hannah present to Yahweh?	Hannah presented her son to Yahweh for as long as he would live.
2:1	tume				Why did Hannah laugh at her enemies?	Hannah laughed because she rejoiced in Yahweh’s salvation.
2:3	o5f2				Why does Hannah say that people should not boast or speak arrogantly?	People should not boast or speak arrogantly because Yahweh is a God of knowledge, and by him actions are weighed.
2:5	vseh				In Hannah’s song, who is the one who is unable to have more children?	The woman who had many children before is not able to have any more.
2:6	u8yn				Who decides death and life, or who goes down to Sheol or is raised up?	Yahweh is the one who decides death and life, and who causes people to go down to Sheol or to come up from there.
2:7	ec6e				Who makes people poor or rich?	Yahweh makes people poor, and he makes them rich.
2:8	io4k				Who raises up the poor and lifts the needy to sit in a seat of honor?	Yahweh raises them up to sit in a seat of honor.
2:9	kurn				Who does Hannah say will protect the feet of his faithful people and silence the wicked in darkness?	Hannah says that Yahweh will guard the feet of his faithful people and will silence the wicked.
2:10	y2mu				Who will judge the ends of the earth and give strength to his king?	Yahweh will judge the ends of the earth and give strength to his king.
2:11	pjpt				What child served Yahweh in the presence of Eli the priest?	Samuel served Yahweh in the presence of Eli the priest.
2:12	ecfh				Whose sons were wicked men who did not know Yahweh?	Eli the priest’s sons did very bad things.
2:13-14	hxiz				What was the custom of the priests with the people at the time of sacrifice?	The custom was for the priest’s servant to come with a three-pronged fork while the meat was boiling and take whatever the fork brought up for the priest.
2:15-16	fd21				What evil thing did Eli’s sons have their servant do?	They had their servant demand raw meat for the priest before the fat was burned as an offering to Yahweh, and had him take it by force if the person refused.
2:17	jrb8				Why was the sin of Eli’s sons so great?	Their sin was great before Yahweh because the men were treating very disrespectfully the offerings that people were bringing to Yahweh
2:18-19	ta1h				What would Samuel’s mother make for him from year to year to clothe him?	She would make him a small robe each year.
2:20	jvrr				How would Eli bless Elkanah and his wife?	Eli blessed them by asking Yahweh to give them more children from Hannah.
2:21	vu4i				What was Yahweh’s response to Eli’s prayer for Samuel’s parents to have more children?	Yahweh helped Hannah, and she bore three more sons and two daughters.
2:23-24	qmuh				What did Eli say to his sons when he heard evil reports about them?	Eli told his sons that the report he was hearing from Yahweh’s people about their evil deeds was not good. He told them to stop doing what they were doing.
2:25	o40n				Why did Eli’s sons not listen to his voice?	Eli’s sons did not listen to his voice because Yahweh desired to make them die.
2:26	r7g1				Who grew up and was good in the sight of Yahweh and also with men?	Samuel grew up and was good in the sight of Yahweh and with men.
2:27-28	nj86				Who told Eli that Yahweh chose Eli’s ancestors out of all the tribes of Israel to be Yahweh’s priest?	A man of God told Eli that Yahweh had chosen his ancestors.
2:29	m8w2				How had Eli and his sons scorned Yahweh’s sacrifices and offerings?	They scorned the sacrifices and offerings by honoring his sons above Yahweh and fattening themselves on the best parts of offerings.
2:33	cp03				What did Yahweh tell Eli would happen to the men in his family?	Yahweh told Eli that all the men born in his family would die young.
2:34	fi2d				What did Yahweh say would be a sign to Eli that his prophecy would come true?	The sign would be that both of his sons would die on the same day.
2:35	au47				Who will walk before Yahweh’s faithful priest always?	Yahweh has chosen another man who will serve him faithfully and continually be a helper to the king whom Yahweh will appoint.
2:36	o63g				Why will everyone left in Eli’s family come and bow down to the faithful priest?	They will ask him to allow them to work with the other priests so that they can have food to eat.
3:2-4	qi73				What was Samuel’s reply when he heard Yahweh call to him as he was lying down?	Samuel replied that he was ready to do whatever you ask.
3:5	s4g8				What did Eli tell Samuel to do when Samuel ran to him?	Eli said that he did not call Samuel and told him to go lie down again.
3:7	ocks				What had not yet been revealed to Samuel?	The word of Yahweh had not yet been revealed to Samuel.
3:8	yooi				What did Eli realize after the third time that Samuel came to him?	Eli realized that it was Yahweh who had been calling Samuel.
3:9	x3xz				What did Eli tell Samuel to say if he was called again?	Eli told Samuel to say that Yahweh should speak, because his servant was listening.
3:11	xner				What did Yahweh say would happen to the ears of everyone when they heard what he was going to do?	Yahweh said that the ears of everyone who heard it would tingle.
3:13	ed3v				What had Eli’s sons brought upon themselves?	Eli’s sons had brought a curse upon themselves.
3:14	ifx7				What would never be atoned for by sacrifice or offering?	The iniquity of Eli’s house would never be atoned for by sacrifice or offering.
3:15	e6hl				What was Samuel afraid to do in the morning after he opened the doors of the house of Yahweh?	He was afraid to tell Eli about the vision.
3:17-18	hvxl				What did Samuel do after Eli told him that he must not hide from him the words that Yahweh had spoken?	Samuel told him everything and hid nothing from him.
3:20	plr2				What did all Israel from Dan to Beersheba know about Samuel?	All Israel knew that Samuel was established as a prophet of Yahweh.
4:1-2	huut				What was the result of the battle between Israel and the Philistines?	Israel was defeated by the Philistines.
4:3	rd6x				What did the elders of Israel decide to do so that they could be saved from the power of their enemies?	The elders decided to bring the Box of the Covenant of Yahweh from Shiloh to be with them.
4:4	va6h				Who was with the Box of the Covenant of God?	The two sons of Eli, Hophni and Phinehas, were there with the Box of the Covenant.
4:5-6	y7gc				What did the Philistines wonder when they heard the great shout from the people of Israel?	The Philistines wondered about the meaning of the great shout in the camp of the Hebrews.
4:7	dnjn				Who did the Philistines say had come into the camp of the Hebrews?	The Philistines said that a god had come into the camp.
4:8	i0hk				With what did the Philistines say that the gods of Israel had struck the Egyptians in the wilderness?	They said that the gods had struck the Egyptians with every kind of plague.
4:10-11	d7ji				What happened to the two sons of Eli when the Box of God was taken Israel was struck and fled?	The two sons of Eli, Hophni and Phinehas, died.
4:12-13	lumj				What did the whole city do when the man from the battle line entered the city and told the news?	When the man told the news, the whole city cried out.
4:14	gjv7				What question did Eli ask when he heard the noise of the outcry?	Eli asked what the sound of the tumult meant.
4:16-17	jm9u				What did the man tell Eli had happened to his sons and to the Box of God when Israel was defeated?	The man told Eli that his two sons were dead and the Box of God had been taken.
4:18	t6em				What was the injury that killed Eli when he fell over backward from his seat by the side of the gate?	Eli broke his neck and he died.
4:19	e16g				What happened when Phinehas’s pregnant wife heard that the Box of God was captured and her father-in-law and husband were dead?	Phinehas’s wife knelt down and gave birth because her labor pains suddenly began.
4:21-22	do66				What name did Phinehas’s wife give to the baby and why did she give him that name?	She named the baby Ichabod, saying that the glory had departed from Israel because the Box of God had been taken.
5:1-3	ecm0				In what position did the people find the idol Dagon the next day after the Philistines brought the Box of God into Dagon’s house?	Dagon was found fallen face down on the ground before the Box of Yahweh.
5:4	y73h				What remained of the idol Dagon the next morning after they had set him back in his place?	Only the body of Dagon remained; his head and hands were lying cut off in the doorway.
5:6-7	pn6c				Why did the men of Ashdod say that the Box of the God of Israel should not stay with them?	They said it should not stay because the hand of their God was severe against them and against their god Dagon.
5:8	vujt				To what place did the Philistines move the Box of the God of Israel?	The Philistines moved the Box to Gath.
5:9	fvkn				With what did Yahweh strike the men of the city of Gath?	Yahweh struck them with tumors.
5:10	ycbs				What did the people of Ekron say the Box of the God of Israel would do to them?	They said that it would kill them and their people.
5:11	lhky				To what place did the people of Ekron ask the rulers to send the Box?	They asked that the Box be sent back to its own place.
5:12	isfz				To what place did the cry of the city go?	The cry of the city went up to the heavens.
6:1	uylw				For how long was the Box of Yahweh in the Philistines’ country?	The Box was in the country of the Philistines for seven months.
6:2	n3r3				Who did the Philistines call to ask for advice on how the Box of Yahweh should be sent back to its own country?	They called for the priests and the diviners to tell them how to send the Box back.
6:3-4	wpyt				What did the priests and diviners tell the Philistine people to send as a guilt offering to the God of Israel?	They told the Philistines to send five gold tumors and five gold mice.
6:6	ku6q				Why did the priests and diviners say the people should not be stubborn like the Egyptians and Pharaoh were?	Because when God dealt severely with the Egyptians and Pharaoh, they had to let Israel go.
6:7	uxzv				What animals did the priests and diviners tell the Philistines to tie to the cart for the Box of Yahweh?	They told the Philistines to hitch two nursing cows to the cart.
6:9	omjr				How would the Philistines know that it was Yahweh who had done this great harm to them?	The Philistines would know it was Yahweh if the cows pulling the cart went on their own to Beth Shemesh.
6:10-12	y5w6				Where did the nursing cows go with the cart carrying the Box and the gold mice and tumors?	The cows went straight in the direction of Beth Shemesh.
6:13	ty8i				What were the people of Beth Shemesh doing when they lifted up their eyes and saw the Box?	They were harvesting their wheat in the valley.
6:14	f0tn				What did the people of Beth Shemesh do with the cows that had pulled the cart?	They offered the cows as a burnt offering to Yahweh.
6:15	bqcq				Who took down the Box of Yahweh and the box that was with it?	The Levites took down the Box of Yahweh and the box that was with it.
6:16	mx31				What did the five rulers of the Philistines do when they saw what had happened?	They returned that day to Ekron.
6:17-18	px28				What did the numbers of gold tumors and gold mice represent?	The five gold tumors represented the people of their five cities, and the gold mice represented all the Philistine cities belonging to those rulers.
6:19	pzt3				Why did Yahweh strike some of the men of Beth Shemesh?	Yahweh struck them because they looked into his Box.
6:21	d5jr				What did the messengers from Beth Shemesh ask the people of Kiriath Jearim to do?	The messengers asked the people of Kiriath Jearim to come and take the Box of Yahweh to their city.
7:1	ngq8				What did the men of Kiriath Jearim do to Abinadab’s son, Eleazar, so that he could take care of the Box of Yahweh?	They consecrated him to keep the Box of Yahweh.
7:2	enfi				What did all the house of Israel do during the twenty years that the Box remained in Kiriath Jearim?	During that time, the Israelite people were very sorry that Yahweh was not helping them anymore.
7:3-4	aru0				What did Samuel tell the people of Israel that they needed to remove from among them for Yahweh to rescue them from the Philistines?	Samuel told them that they needed to remove the foreign gods and the Ashtoreths from among them and serve Yahweh only.
7:5-6	gstw				What did the people of Israel admit that they had done when they gathered at Mizpah?	They admitted that they had sinned against Yahweh.
7:7-8	vsrc				Why did the people of Israel ask Samuel to call out to Yahweh for them?	They were afraid because they heard that the rulers of the Philistines were coming to attack them.
7:9	x20r				What did Yahweh do when Samuel offered a lamb as a burnt offering and cried out to him?	Yahweh answered Samuel.
7:10	u38f				What did Yahweh do that threw the Philistines into confusion as they drew near to attack Israel?	Yahweh thundered with a great sound on that day against the Philistines.
7:12	r495				What did Samuel set up between Mizpah and Shen as a remembrance that Yahweh had helped them?	Samuel took a stone and set it up.
7:14	xmiw				What happened to the towns that the Philistines had taken from Israel?	They were recaptured by Israel.
7:15-16	cfuo				What did Samuel do as he went on a circuit to Bethel, Gilgal, Mizpah, and back to Ramah?	Samuel judged Israel in all these places.
8:1-3	pfia				In what ways did Samuel’s two sons, who were judges, not walk in the ways of their father?	They were not honest like their father. They accepted bribes, and they did not make honest decisions about people’s disputes.
8:4-5	bydb				What request did the elders of Israel make of Samuel?	They asked Samuel to appoint a king to judge them, like all the other nations.
8:6	d3op				What did Samuel do when he was displeased by the elders’ request to give them a king?	Samuel prayed to Yahweh.
8:7	raxq				Why did Yahweh tell Samuel to listen to the voice of the people?	Yahweh told Samuel to listen because the people were not rejecting Samuel, but they were rejecting Yahweh from reigning over them.
8:8-9	blnh				What warning did Yahweh tell Samuel to give to the people of Israel?	Yahweh told Samuel to warn the people about the way the king would rule over them.
8:10-12	gfia				For what did Samuel warn the people that a king would take their sons?	Samuel warned that the king would take their sons to be officers and soldiers, to plow his fields and harvest his crops, and to make weapons of war.
8:13-15	jbmy				How did Samuel warn the people about what a king would do with their daughters and property?	Samuel warned that the king would take their daughters to be perfumers, cooks, and bakers, and he would take the best of their fields and vineyards and olive groves to give to his attendants.
8:16-17	pdtg				How did Samuel warn the people about what a king would do with their servants and animals?	Samuel warned that the king would take their servants, the best of their young men and donkeys, and a tenth of their flocks, and the people would become his servants.
8:18	hm14				What did Samuel warn would happen when the people cried out because of the king they had chosen?	Samuel said that Yahweh would not answer them on that day.
8:19-20	f8on				How did the people of Israel respond to the warnings from Samuel?	The people refused to listen and said they wanted a king over them so they could be like the other nations.
8:21-22	hbxo				What was Yahweh’s response when Samuel repeated the people’s words to him?	Yahweh told Samuel to listen to their voice and appoint a king for them.
9:1-2	cjp5				What were the outstanding physical features of Saul, the son of Kish?	Saul was a handsome young man who was taller than any of the other people from his shoulders upward.
9:3-4	t94q				What was the outcome when Kish asked his son Saul to go and look for their lost donkeys?	Saul took one of the servants and passed through many places without finding them.
9:5	hm6m				What did Saul tell his servant they should do when they came to the land of Zuph?	Saul told his servant that they should go back so his father would not stop being concerned about the donkeys and become concerned about them.
9:6	yoss				What different idea did the servant present to Saul?	The servant suggested they should go to a man of God in the city who might tell them the way they should go.
9:7-8	gqa2				What did the servant have to give to the man of God so he would tell them which way to go?	The servant had a fourth of a shekel of silver to give to the man of God.
9:9-11	z4i1				What did Saul and his servant ask the young women who were coming out to draw water?	Saul and his servant asked if the seer was in the city.
9:12-13	m1ts				Why was the seer coming to the city on that day?	The seer was coming to the city because the people were having a sacrifice at the high place, and he would bless the sacrifice.
9:15-16	ayku				What did Yahweh reveal to Samuel about Saul’s role in Israel?	Yahweh told Samuel that he was to anoint Saul as ruler over Israel, and Saul would save Yahweh’s people from the hand of the Philistines.
9:17-19	eu0t				What invitation did Samuel give to Saul after he revealed that he was the seer Saul was seeking?	Samuel invited Saul to go up and eat with him at the high place.
9:20-21	isdv				How did Samuel surprise Saul with what he told him?	Samuel told him that all the desire of Israel was for him and his father’s house, even though Saul was from the least clan of the smallest tribe.
9:23-24	z1d3				What did Samuel tell the cook to serve to Saul?	Samuel told the cook to serve Saul the thigh portion that had been set aside for him for the appointed time.
9:25-26	tx1k				What did Samuel say to Saul from the roof in the morning?	Samuel told Saul to get up so he could send him on his way.
9:27	perv				Why did Samuel tell Saul to stand still for a while on the outskirts of the city?	Samuel told Saul to stand still so Samuel could tell him the word of God.
10:1	xbpr				Why did Samuel pour a flask of oil on Saul’s head and kiss him?	He did this because Yahweh had anointed Saul to be a ruler over his inheritance.
10:2	wb84				What future event did Samuel share with Saul?	Samuel told Saul that he would find two men near Rachel’s tomb who would tell him that the donkeys had been found.
10:3-4	p40k				What did Samuel tell Saul would happen when he came to the oak of Tabor?	Three men going up to God at Bethel would meet him and give him two loaves of bread, which he should take.
10:5-6	f1vl				What did Samuel tell Saul would happen when he came to Gibeah of God?	The Spirit of Yahweh would rush upon him, he would prophesy with a group of prophets, and he would be changed into a different man.
10:7-8	in16				What instructions did Samuel give to Saul for later?	Samuel told Saul to go down to Gilgal and wait seven days for Samuel to come and offer sacrifices.
10:9	zs4u				What happened when Saul turned his back to leave Samuel?	When Saul turned to leave, God changed Saul’s inner being.
10:11-13	xn9h				Why did people wonder if Saul was one of the prophets?	They saw him prophesying with the prophets and wondered how this had happened to the son of Kish.
10:14	cfgt				What did Saul tell his uncle when he was asked where he had gone?	Saul told his uncle that when he and his servant could not find the donkeys, they went to Samuel.
10:15-16	y6j7				What did Saul not tell his uncle about what Samuel had said to him?	Saul did not tell his uncle about the matter of the kingship.
10:17-19	iwhf				Why did Yahweh say that Israel had rejected him?	Israel had rejected Yahweh because they had asked for a king to be set over them.
10:20-21	x4i1				What happened when Saul, the son of Kish, was chosen as the next king?	They looked for Saul, but he could not be found.
10:22	olzv				Where was Saul when he was chosen as the next king?	Saul had hidden himself among the bags.
10:24	fqw6				What did Samuel say about the man whom Yahweh had chosen?	Samuel said that there was no one like Saul among all the people.
10:25	vsvq				How were the customs of the kingship established and preserved?	Samuel told the people the customs of the kingship, wrote them in a book, and placed the book before Yahweh.
10:27	uy0v				How did some wicked men show their dislike for Saul?	Some wicked men despised Saul and did not bring him a gift.
11:1-2	m8cv				What was the response of Nahash the Ammonite to the request for a covenant from the men of Jabesh?	He said he would make a covenant with them if he could gouge out all their right eyes and bring disgrace on Israel.
11:3	rpoa				How did the elders of Jabesh respond to Nahash’s proposal?	They asked for seven days to send messengers throughout Israel to see if anyone would save them.
11:4-5	wvwi				Why were the people in Saul’s town of Gibeah weeping?	They were weeping because they had heard the words of the men from Jabesh.
11:6-8	s63i				How did Saul respond to the threat against Jabesh?	The Spirit of God rushed upon him, he became very angry, and he persuaded the men of Israel and Judah to fight.
11:9	jicg				What message did the messengers bring back to the men of Jabesh?	They told the men of Jabesh that they would have deliverance the next day by the time the sun was hot.
11:10	mtfz				What did the men of Jabesh say to Nahash the Ammonite?	They told Nahash that they would come out to him the next day, and he could do to them whatever seemed good to him.
11:11	am64				What was the outcome of the battle between Israel and the Ammonites?	The people of Israel attacked and defeated the Ammonites, and the survivors were totally scattered.
11:12-13	jzdl				Why did Saul say that none of the men who opposed him would be put to death?	Saul said no one would be put to death, because that day Yahweh had brought deliverance to Israel.
11:14-15	sy0u				Why did Samuel, Saul, and all the people of Israel go to Gilgal?	They went to Gilgal to renew the kingship, make Saul king before Yahweh, and sacrifice peace offerings.
12:4-5	qnrp				What did the people of Israel say when Samuel asked if he had ever wronged them?	The people of Israel told Samuel he had not defrauded or oppressed them or taken anything from anyone.
12:6-7	xlx8				Why did Samuel tell the people of Israel to present themselves before Yahweh?	He told them to present themselves so he could make the case against them that they should not have asked for a king instead of trusting Yahweh to rescue them.
12:8-9	e1g3				What did God do to the ancestors of Israel after they forgot Yahweh their God?	Yahweh sold them into the hand of Sisera, the Philistines, and the king of Moab, who all fought against them.
12:10-11	gsj2				What did Yahweh do after Israel’s ancestors cried out to him and asked to be rescued from their enemies?	Yahweh sent Jerubbaal, Bedan, Jephthah, and Samuel to rescue them.
12:12-13	iw7v				What did Samuel remind the people of Israel that they had requested?	Samuel reminded the people that they had wanted a king to reign over them, even though Yahweh their God was their king.
12:14-15	n6m0				What choice did Samuel present to the people of Israel?	They could fear Yahweh and serve him, or they could rebel against his command and his hand would be against them.
12:16	nc77				What did Samuel challenge the people of Israel to do?	Samuel challenged the people to stand and see the great thing Yahweh is doing before their eyes.
12:17-18	u5cr				What did Samuel ask Yahweh to send so that the people would know the extent of their wickedness?	He asked Yahweh to send thunder and rain during the wheat harvest.
12:19-20	w2ye				How did Samuel respond when the people of Israel realized their sin?	Samuel told the people not to be afraid, but to serve Yahweh with all their heart and not turn aside.
12:22	lofy				What message of comfort did Samuel give to the people of Israel?	Samuel comforted the people by telling them that Yahweh would not forsake them, because of his great name.
12:23	jpwd				What did Samuel promise to do for Israel?	He promised to continue to pray for them and to instruct them in the good and right way.
12:24	d5pt				What did Samuel challenge the people of Israel to do?	Samuel told them to fear Yahweh and serve him faithfully with all their heart, considering the great things he had done for them.
13:2	p4q5				What did Saul do with the soldiers he did not choose to be with him?	Saul sent the rest of the soldiers home to their own tents.
13:3-4	d3en				How did Israel make itself stink among the Philistines?	They made themselves stink among the Philistines because Jonathan had struck the garrison of the Philistines at Geba.
13:5	jiir				How did the Philistines respond to the attack by Jonathan?	They gathered 30,000 chariots, 6,000 horsemen, and people as numerous as the sand on the seashore to fight against Israel.
13:6-7	n1u8				How did the men of Israel react to the forces of the Philistines?	They were distressed, so they hid in caves, thickets, cliffs, pits, and cisterns, and some fled across the Jordan.
13:8-10	cipv				What did Saul do when Samuel did not come to Gilgal after seven days?	Saul offered the burnt offering himself.
13:11-12	a85n				What excuse did Saul give Samuel for not waiting for him to offer the sacrifices?	He said he saw that the Philistine army was going to attack, and he had not yet asked Yahweh to help Israel, so he forced himself to offer the burnt offering.
13:13	eeoi				How did Samuel rebuke Saul?	Samuel told Saul that he had acted foolishly by not keeping the command that Yahweh gave him.
13:13-14	qte5				What did Samuel say would be the consequences of Saul’s disobedience?	Because Saul did not obey Yahweh’s command, none of his descendants will become king. Instead, Yahweh has found someone else who will do what he wants him to do, and he will make that person the next king of Israel.
13:17	kjr6				What strategy did the Philistines use against the people of Israel?	The Philistines sent out soldiers in three groups to attack different Israelite towns.
13:19	ibia				What problem did the Israelites face in their fight against the Philistines?	There were no blacksmiths in all the land of Israel, so they could not make swords or spears.
13:22	vats				How were the soldiers of Israel hindered on the day of battle?	None of the people with Saul and Jonathan had a sword or spear in their hand.
14:1	jqbk				What secret plan did Jonathan, the son of Saul, have?	Jonathan planned to cross over to the Philistines’ garrison, but he did not tell his father.
14:2-3	w6xg				What did the six hundred men with Saul not know?	They did not know that Jonathan had gone.
14:6	svaw				What proposal did Jonathan present to his young armor-bearer?	Jonathan proposed that they cross over to the garrison of the uncircumcised, because perhaps Yahweh would act for them.
14:7	xm0l				What was the armor-bearer’s response to the proposal?	Jonathan’s armor-bearer told him to do all that was in his heart and that he was with him and would help him in all that he wanted to do.
14:8-10	mjh5				What would be the sign to Jonathan and his armor-bearer that Yahweh had given the Philistines into their hand?	If the Philistines told them to come up to them, that would be the sign.
14:11-12	xlr6				What did Jonathan say to his armor-bearer after the Philistines told them to come up?	He told his armor-bearer to follow him because Yahweh had given the Philistines into the hand of Israel.
14:13-14	rolm				What was the result of the attack that Jonathan and his armor-bearer made on the Philistine garrison?	Jonathan and his armor-bearer killed about twenty men.
14:16-17	xvan				What did Saul do when his watchmen saw the Philistine army dispersing?	Saul had the people counted to see who was missing, and they discovered it was Jonathan and his armor-bearer.
14:18-19	ttsz				Why did Saul tell Ahijah the priest to bring the Box of God to him?	Saul wanted to inquire of God, but he stopped because the tumult in the Philistine camp was increasing.
14:21	kvsd				Who rejoined the Israelites who had remained with Saul and Jonathan?	The Hebrews who had previously deserted to the Philistines in their camp rejoined the Israelites. Now those men helped Saul and Jonathan and the other Israelite soldiers fight against the Philistines.
14:23	tfky				Who saved Israel that day?	Yahweh saved Israel that day.
14:24	k8dd				What caused the men of Israel to be distressed and faint?	Saul had put the people under an oath, cursing any man who ate food before evening.
14:27	txlr				How did Jonathan unknowingly break the oath?	Jonathan, who had not heard the oath, ate some honey from a honeycomb.
14:29-30	ggl7				How was Jonathan critical of the oath his father had made?	Jonathan said that if the people had been allowed to eat from the plunder of their enemies, the slaughter among the Philistines would have been greater.
14:33-34	o3kn				How did the people of Israel sin against Yahweh after their battle against the Philistines?	The people ate meat with the blood still in it.
14:37-38	czof				What did Saul believe was the reason why he did not receive an answer when he inquired of God?	Saul believed that God did not answer him on that day because someone had sinned.
14:38-39	yn23				How did Saul say he would deal with the sin that had been committed?	He said that the person who committed the sin would surely die, even if it was his son Jonathan.
14:41-42	xepy				How was it determined that Jonathan was the person who had sinned?	The priest threw a lot, and it indicated that either Jonathan or Saul had sinned, not one of the other Israelite soldiers. He threw the lot again, and the lot indicated that Jonathan had sinned.
14:45	x2h2				How was Jonathan saved from death?	The people redeemed Jonathan and would not allow him to die because he had brought about a great salvation for Israel.
14:47-48	r7my				How did Saul lead Israel as their king?	Saul fought against all his enemies on every side and rescued Israel from the hands of those who plundered them.
15:2-3	wk6l				Why did Yahweh want Saul to attack and completely destroy Amalek?	Yahweh wanted to punish Amalek for what he had done to Israel when he opposed them on the way up from Egypt.
15:5-7	s7gf				Why did Saul tell the Kenites to depart from the Amalekites?	He warned the Kenites to move away because they had shown kindness to the people of Israel when they came up from Egypt. He did not want to kill them when he killed the Amalekites.
15:8-9	kqg9				How did Saul disobey the directions that Yahweh had given to him?	Saul spared King Agag and the best of the sheep, cattle, and lambs, and was not willing to devote them to destruction as Yahweh had commanded.
15:10-11	i6qm				Why did Yahweh regret that he had made Saul king?	Yahweh regretted making Saul king because Saul had turned from following him and was no longer obedient to him.
15:12-13	vidj				What lie did Saul tell Samuel?	Saul told Samuel that he had obeyed what Yahweh told him to do.
15:14	i11i				How did Samuel respond to the lie that Saul had told him?	Samuel asked about the bleating of sheep and the lowing of cattle that he was hearing.
15:15	ktei				What excuse did Saul give to Samuel to explain his disobedience?	He said the people had spared the best of the sheep and cattle so they could sacrifice them to Yahweh.
15:17-19	cm0z				How did Samuel rebuke Saul?	He told Saul that Yahweh had sent him to devote the sinners, the Amalekites, to destruction, but instead he had swooped down on the plunder and done evil.
15:20-21	q1cr				What excuse did Saul repeat to Samuel?	Saul insisted that he had obeyed, but that the people brought back the best of the plunder to sacrifice to Yahweh at Gilgal.
15:22-23	y97z				What was Samuel’s response to Saul?	Samuel said that to obey is better than sacrifice, and that rebellion is as the sin of divination, and because Saul rejected Yahweh’s word, Yahweh rejected him as king.
15:24	a5tf				What reason did Saul give Samuel for his sin?	Saul said he had disobeyed Yahweh’s command because he was afraid of the people, and so he listened to their voice.
15:25-26	lgm1				What declaration did Samuel give to Saul from Yahweh?	Samuel said that Yahweh had rejected Saul from being king over Israel because Saul had rejected the word of Yahweh.
15:28	mujd				To whom was Yahweh going to give the kingdom of Israel?	Samuel told Saul that Yahweh was going to give the kingdom to one of Saul’s neighbors, an Israelite who was a better man than Saul.
15:32-33	tugu				What did Samuel do to finish the task that Saul had not done?	Samuel hacked King Agag to pieces before Yahweh.
16:1	nae2				Why did Yahweh tell Samuel to stop mourning for Saul?	Yahweh told him to stop because he had rejected Saul from being king over Israel.
16:2	m3h7				What did Samuel fear would happen if Saul heard he was going to Bethlehem?	He feared that Saul would kill him.
16:3	xeqs				How did Yahweh say that Samuel would know whom to anoint?	Yahweh told Samuel that he would show him what to do and that Samuel should anoint the one Yahweh told him to anoint.
16:4	zjan				How did the elders of Bethlehem act when Samuel arrived?	They came trembling to meet him and asked if his coming was in peace.
16:6	ue60				What did Samuel think when he looked at Eliab?	He thought that surely Yahweh’s anointed one was standing before him.
16:7	nt52				How did Yahweh explain that he does not see as a human sees?	Yahweh said that a human looks on the outward appearance, but Yahweh looks on the heart.
16:10	wo03				What did Samuel say to Jesse after seven of his sons passed before him?	Samuel said that Yahweh had not chosen any of them.
16:11	nea2				Where was Jesse’s youngest son before Samuel called for him?	The youngest son was out in the pasture tending the flock of sheep.
16:13	sni9				What happened to David after Samuel anointed him?	The Spirit of Yahweh rushed upon David from that day forward.
16:14	iu1x				What spirit troubled Saul after the Spirit of Yahweh had turned away from him?	A bad spirit from Yahweh terrified him.
16:16	uevs				What did Saul’s servants suggest a skillful player on the lyre could do for him?	When the bad spirit was on Saul, the person would play the lyre, and would calm down.
16:19	fcy7				Which of Jesse’s sons did Saul ask to have sent to him?	Saul asked Jesse to send his son David, who was with the flock.
16:21	qvn2				What assignment did Saul give David because he loved him greatly?	Saul made David his armor-bearer.
16:23	m5e7				What would happen to Saul when David played the lyre?	The bad spirit would turn away from Saul, and he would calm down and feel better.
17:2	it79				Why had Saul and the men of Israel encamped in the valley of Elah?	They had drawn up in battle array to fight the Philistines.
17:5	i55l				What did Goliath have on his head?	He had a helmet of bronze on his head.
17:6	shly				What did Goliath carry between his shoulders?	He had a curved sword of bronze between his shoulders.
17:8	uhpd				What did Goliath call the ranks of Israel?	Goliath called them servants of Saul.
17:9	z0jo				What did Goliath say would happen to the Philistines if Israel’s chosen man killed him?	He said the Philistines would become servants to Israel.
17:11	s4t7				When Saul and all Israel heard what the Philistine said, how did they feel?	They lost their courage and became terrified.
17:13	sa1y				Which of Jesse’s sons had followed Saul to the battle?	The three oldest sons of Jesse had followed Saul to the battle.
17:16	kyn9				For how long and how often did the Philistine champion present himself for battle?	He presented himself for forty days, morning and evening.
17:20	yw1i				What was the army doing as David arrived at the camp?	The army was going out to the battle array, shouting the war cry.
17:23	e9w2				As David spoke with his brothers, who came out from the ranks of the Philistines?	As David spoke, the champion, Goliath, the Philistine from Gath, came out from the ranks of the Philistines.
17:25	dqgl				What would the king do for the man who killed Goliath?	The king would enrich the man with great wealth, give him his daughter in marriage, and no longer require that man’s family to pay taxes or do unpaid work for the Israelite kingdom.
17:26	dj29				What did David say the man who killed the Philistine would take away from Israel?	The man who killed the Philistine would turn away the disgrace from Israel.
17:28	dnj2				What did Eliab accuse David of having in his heart?	Eliab accused David of presumption and evil in his heart, saying David's motive for coming was to watch the battle.
17:32	r12x				What did David tell Saul he would do?	David told Saul that he would go and fight with the Philistine.
17:34-35	e02f				What did David do to a lion or a bear that took a sheep from the flock?	He went out after it, struck it, and delivered the sheep from its mouth; if it rose against him, he would seize its jaw and strike it and kill it.
17:36	vku5				Why did David say this uncircumcised Philistine would be like the lion or the bear he had killed?	The Philistine would be like them because he had taunted the arrayed armies of the living God.
17:39	j8di				Why was David not able to walk in the armor the king provided?	He was not able to walk in the armor because he was not used it.
17:42	k2v7				Why did the Philistine despise David when he saw him?	He despised David because he was only a youth, ruddy, and with a boyish appearance, and Goliath believed he could easily defeat David.
17:45	pwus				When the Philistine came with a sword, spear, and curved sword, in whose name did David say he came?	David said that he came in the name of Yahweh of Armies, the God of the armies of Israel, whom the Philistine had taunted.
17:46	kat3				What did David say all the earth would know after he defeated the Philistine?	All the earth would know that the Israelite people worship an all-powerful God.
17:48	tw9e				What did David do when the Philistine drew near to meet him?	David hurried and ran toward the battle line to meet him.
17:51	iyo7				What did the Philistines do when they saw that their warrior was dead?	The Philistines fled.
17:53	atxm				What did the people of Israel do when they returned from chasing the Philistines?	The people of Israel plundered the Philistine camp.
17:57	dwbf				What did David have in his hand when Abner brought him before Saul?	David had the head of the Philistine in his hand.
18:1	ckpc				How strongly was the soul of Jonathan bound to the soul of David?	The soul of Jonathan was bound with the soul of David, and Jonathan loved him as his own soul.
18:4	qov4				What did Jonathan give to David along with his garments, sword, bow, and belt?	Jonathan stripped himself of the robe that he was wearing and gave it to David.
18:5	a5wa				Over whom did Saul set David?	Saul set him over the men of war.
18:7-8	tgof				What had the singers’ song ascribed to David that displeased Saul?	They ascribed to David myriads, but they had ascribed only thousands to Saul.
18:11	j9f3				What did Saul think as he threw the spear at David?	Saul thought that he would strike David and pin him to the wall.
18:14	wsho				Why did David succeed in all his ways?	David succeeded because Yahweh was with him.
18:17	ukbr				What did Saul hope would happen to David if he fought the Philistines?	Saul hoped the Philistines would kill David.
18:20-21	jd6t				What did Saul think his daughter Michal would be for David if Saul gave her to him?	Saul thought she could be a snare for David.
18:22	hm2w				How did Saul command his servants to speak with David about becoming the king’s son-in-law?	He commanded his servants to speak with David privately.
18:23	ts5u				Why did David think he was not worthy to be the king’s son-in-law?	He said he was a poor and insignificant man.
18:25	h91m				What was the only bride-price the king desired from David?	The king desired one hundred foreskins of the Philistines.
18:27	sujt				What did David and his men do that exceeded the king’s requested bride-price?	David and his men struck two hundred Philistines and brought their foreskins to the king.
18:30	kf1e				How great was David’s success, so that he earned an excellent reputation?	David was more successful than any of Saul’s other army commanders.
19:2	jxvs				Why did Jonathan tell David to be on his guard and hide himself?	Jonathan told him to be very careful because his father was seeking to kill David.
19:4	c0yi				What did Jonathan tell Saul that David’s deeds had been for him?	Jonathan told Saul that David’s deeds had been very good for him.
19:6	yqjj				What did Saul swear after listening to Jonathan?	Saul swore that as Yahweh lives, David would not be killed.
19:8	l1ap				What happened when David again went out and fought with the Philistines?	David’s soldiers killed many of the Philistine soldiers, and as a result, the rest of the Philistine army ran away.
19:11	fqdx				Why did Saul send messengers to David’s house to watch him?	Saul wanted them to kill David in the morning.
19:12	b2l6				How did Michal help David to flee and escape?	Michal lowered David out a window since soldiers were watching the door.
19:15	rcly				What did Saul plan to do when he ordered his messengers to bring David to him in the bed?	Saul planned to kill him.
19:16	a19t				What did Michal use at the head of the idol in the bed to make it look like David?	She put a weaving of goats’ hair at its head.
19:18	klb8				When David fled and escaped, to whom did he go in Ramah?	David went to Samuel in Ramah.
19:20	m50h				What happened to Saul’s messengers when they saw the group of prophets?	The Spirit of God came on them, and they also prophesied.
19:21-22	j430				After sending messengers two more times, what did Saul do?	Saul himself went to Ramah.
19:24	b1jt				How long did Saul lie naked before Samuel?	He lay naked all that day and all that night.
20:2	j9ab				What did Jonathan say his father did not do without telling him?	He said that his father did nothing either great or small without revealing it to him.
20:3	oehx				How close did David say he was to death?	He said that there was only a step between him and death.
20:5	cz0d				What did David ask Jonathan to let him do until the third evening?	David asked to hide in the field until the third evening.
20:6	ereh				What reason did David tell Jonathan to give Saul if Saul missed him?	He was to tell Saul that David had asked make a brief visit to his city, Bethlehem, for the yearly sacrifice for his whole clan.
20:8	rwfp				Why did David ask Jonathan to deal faithfully with him?	David asked this because Jonathan had brought him into a covenant of Yahweh.
20:11	yh25				Where did Jonathan ask David to go so they could talk?	He asked David to go with him out into the field so they could speak privately.
20:13	k26s				Why did Jonathan want to make his father’s intentions known to David?	Jonathan promised to reveal his father’s intentions so that David flee.
20:16-17	qtuf				How did Jonathan know that David would keep his promise that he would not harm Jonathan's descendants?	Jonathan knew that David would keep that promise because David loved Jonathan as much as he loved himself.
20:21	lg2z				Whom did Jonathan say he would send to find the arrows he shot?	He said he would send a boy to find the arrows.
20:24	tekb				When the festival of the new moon came, what did the king do?	The king came to the table for the feast.
20:26	smwc				What did Saul think might have happened to David to make him absent from the feast?	Saul thought it was an accident and that David was not ritually clean.
20:29	wdkn				Why did Jonathan say David had to attend his family’s sacrifice?	He said David’s brother had commanded him to be there.
20:30	nsbb				What did Saul call his son Jonathan in his burning anger?	He called him the son a mother who must have been unfaithful to Saul, because no real son of his would have done that.
20:34	rtj1				Why was Jonathan grieved for David?	He was grieved for David because his father had dishonored him, saying unfairly that David was not loyal to him.
20:36	x4gd				Where did Jonathan shoot an arrow as the boy ran?	Jonathan shot an arrow over the boy so that it would land on the ground far ahead of him.
20:42	hkfk				What did Jonathan do after David left?	Jonathan went back into the city of Gibeah.
21:2	nzyh				What did David say the king had told him to let no one know?	He said the king had commanded him to let no one know anything about what the king sent him to do.
21:4	k1yf				What did the priest tell David about the bread he had?	The priest said that there was no common bread, but there was holy bread, if the young men not recently become ceremonially unclean by having sexual relations with women.
21:6	a0vy				From where had the bread of the Presence been taken?	The bread of the Presence had been taken from the table in Yahweh’s presence in the sacred tent.
21:7	gel6				What was the work of Doeg the Edomite, who was there that day and saw what Ahimelech did to hel David?	Doeg the Edomite was the chief of the herders who worked for Saul.
21:8	ml0g				Why did David say he had no weapons with him?	He said that he had not brought any weapons because the king’s matter was so urgent that he did not have time to get any weapons.
21:10	mrty				From whom was David fleeing when he went to Achish, the king of Gath?	He was fleeing that day from Saul.
21:13	qnuf				What did David pretend to be when he changed his behavior before Achish and his servants?	He pretended to be insane whenever he was with the officers or the king.
21:14	asot				What did Achish ask his servants when he saw that David was acting as if he was insane?	He asked them why they had brought a raving man to him.
22:2	ods4				Who gathered with David at the cave of Adullam?	Everyone who was in distress, in debt, or who did not like what was happening in Israel with Saul as king.
22:3-4	tlu4				How long did David’s father and mother stay with the king of Moab?	They stayed with the king the whole time that David was in the stronghold.
22:6	nifi				Who did Saul hear had been discovered?	He heard that David and the men who were with him had been discovered.
22:8	o6w7				What did Saul accuse his servants of not revealing to him?	Saul said that none of his servants had revealed to him that his own son had made a covenant with David or had incited David against him.
22:10	x1lh				What two things did Doeg the Edomite tell Saul that Ahimelech gave to David?	Doeg the Edomite told Saul that Ahimelech gave David provisions and the sword of Goliath the Philistine.
22:13	lomq				What did Saul say Ahimelech did for the son of Jesse besides giving him bread and a sword?	Saul said that Ahimelech had inquired of God for him.
22:17	vp8p				What were the servants of King Saul not willing to do?	They were not willing to attack the priests of Yahweh.
22:18-19	am57				Whom did Doeg kill with the sword in Nob, the city of the priests?	He killed men and women, children and infants, and oxen, donkeys, and sheep.
22:20	ipo7				Where did Abiathar go when he escaped the killing?	Abiathar ran away and joined David.
22:22	a4nk				For what did David tell Abiathar he was responsible?	David said that the death of every person in Abiathar’s father’s house was his fault.
23:1-2	ydf2				About what did David inquire of Yahweh when he heard the Philistines were robbing the threshing floors at Keilah?	David asked Yahweh if he should go and strike the Philistines.
23:3-4	dt3w				Why did David inquire of Yahweh again about the Philistines?	David’s men told him they were afraid even in Judah, and would be much more afraid to go to Keilah against the Philistine armies.
23:5	iwjo				What was the outcome when David and his men fought with the Philistines?	David struck the Philistines with a great blow, drove off their livestock, and saved the people of Keilah.
23:7-8	kji4				Why did Saul think he could capture David and his men in Keilah?	Saul thought God had delivered David into his hand because David had shut himself in a city that had gates and bars and locks to keep David from leaving.
23:9	qn0b				After David knew that Saul was plotting harm against him, what did David say to Abiathar the priest?	David told Abiathar the priest to bring the ephod so they could use it to consult Yahweh.
23:10-11	np3q				What did David ask Yahweh concerning Saul and the men of Keilah?	David asked if Saul would come down to Keilah and if the leaders of Keilah would surrender him into Saul’s hand.
23:12	oi0v				What was Yahweh’s reply to David concerning the men of Keilah?	Yahweh told David that the men of Keilah would surrender him to Saul.
23:13-14	fp2g				Why did Saul stop his pursuit of David at Keilah?	Saul was told that David had left Keilah, so he stopped his pursuit.
23:15-16	xksx				How did Jonathan, Saul’s son, help David in the wilderness of Ziph?	He went to David and reassured him that he could trust God to protect him.
23:18	zeea				Before Jonathan went home, what did he and David do in the forest?	With Yahweh as their witness, David and Jonathan repeated their solemn promise to be loyal to each other.
23:25	d2mf				Why did David and his men go to the wilderness of Maon?	Someone told David that Saul and his men went to search for David so he and his men went farther south to the wilderness of Maon.
23:26-27	zipu				What happened as Saul and his men were surrounding David and his men?	A messenger came to Saul and told him that the Philistines had made a raid against the land.
23:28	ft8w				What was Saul’s response to this news?	Saul returned from pursuing David and went to meet the Philistines.
24:1-2	viuc				What did Saul do when he heard that David was in the wilderness of En Gedi?	He took three thousand chosen men and went there to seek David and his men.
24:3-4	ynxk				What did David do to Saul in the cave instead of killing him?	David secretly cut off the edge of Saul’s robe.
24:5-7	rigm				Why did David not allow his men to attack Saul?	David’s heart struck him, and he said he would not stretch out his hand against his master, because he was the anointed of Yahweh.
24:8	m6sg				When David left the cave after Saul, how did he show respect to Saul?	David called out to Saul as his master the king, and then he bowed with his face to the ground.
24:10-11	pcuy				How did David prove to Saul that he did not want to harm him?	David showed Saul the edge of his robe that he had cut off, proving he had been close enough to kill him, but did not.
24:16	leux				What was Saul’s response to David?	He asked if it was David’s voice, called him his son, then lifted up his voice and wept.
24:17-18	k18a				Why did Saul say that David was more righteous than he was?	David had repaid Saul with good even though Saul had done evil to David.
24:20	z0io				What did Saul say he knew about David at this time?	Saul knew that David would surely be king and that the kingdom of Israel would be established in David’s hand.
24:21-22	coag				Before Saul went home, what oath did David swear to him?	David swore that he would not cut off Saul’s descendants or destroy his name from his father’s house.
25:3	bxo3				What kind of man was Nabal in his dealings?	He was harsh and evil in his deeds.
25:3	yupn				What was Nabal’s wife Abigail like?	She had good insight and was beautiful in appearance.
25:4-5	bhhy				Whom did David send to greet Nabal while he was shearing his sheep?	David sent ten young men to greet Nabal.
25:7	p1e4				Why did David think that Nabal would be generous to him and his men?	David’s men had not harmed Nabal’s shepherds, and nothing of theirs was missing while they were near David’s men.
25:8	t09l				What did David’s young men ask Nabal to give them?	They asked Nabal to please send back with them something from the feast that he prepared for this occasion.
25:9-11	i02w				What was Nabal’s response to David’s young men?	Nabal spoke of disrespectfully of David, implying that he was a runaway slave wandering the countryside, and he said he would not give any of his food and water to them.
25:13	wg3a				What did David tell his men to do when he heard Nabal’s response?	David ordered his men to strap on their swords.
25:14-15	macm				When one of the young men spoke to Abigail, how did he say that David and his men had treated Nabal’s shepherds?	He said the men were very kind to them and did not harm them or steal anything from them.
25:17	yfq8				Why did the young man go to Abigail instead of to Nabal?	He said that Nabal is such a wicked man that he will not listen to anyone who tries to tell him what he should do.
25:18-19	p7f3				What did Abigail do after hearing about her husband’s response?	Abigail hurriedly gathered provisions, put them on donkeys, and told her young men to go ahead of her, taking them to David, but she did not tell Nabal.
25:20	cop5				Whom did Abigail meet as she rode her donkey down the mountain?	David and his men were coming down to meet her, and she encountered them.
25:21-22	gnf9				What had David said he planned to do after protecting Nabal’s possessions in vain?	David had said that by morning he would kill Nabal and every male person in his household.
25:23-24	z2hf				What did Abigail do when she met David?	Abigail hurriedly got down from her donkey, respectfully bowed to the ground before David, accepted the blame for the way he was mistreated, and asked to speak to him.
25:25-26	jy8o				What did Abigail hope to prevent by speaking to David?	She hoped to keep David from killing many people himself instead of relying on Yahweh to protect him.
25:27-28	tsea				What did Abigail ask David to do with the blessing she brought?	Abigail asked that the blessing be given to the young men who followed David and that he would forgive her transgression.
25:28	arqz				Who did Abigail say would make David to be king?	Abigail said that Yahweh would make David king of Israel and then allow many of his descendants to become king after him. because he was fighting the battles of Yahweh.
25:29	z4xr				Who does Abigail say will sling away the lives of David’s enemies?	She says that Yahweh, David’s God, will sling them away as swiftly as a stone flies from the pocket of a sling.
25:32	xivy				Whom did David say had sent Abigail to meet him?	David said that Yahweh, the God of Israel, had sent Abigail.
25:33	lgza				Why did David say that Abigail and her discernment were blessed?	Because Abigail had kept him that day from entering into bloodshed and from saving himself with his own hand.
25:34	j0lk				Who had kept David from harming Nabal’s household?	Yahweh, the God of Israel, had restrained David from harming them.
25:36	vw7q				Why did Abigail not say anything to Nabal when she returned from seeing David?	Nabal was holding a feast like a king’s feast and was very drunk.
25:37-38	w13y				What happened to Nabal in the morning when Abigail told him what had happened?	He had a stroke and could no longer move; about ten days later, Yahweh struck Nabal and he died.
25:39-40	p76v				What did David do when he heard that Nabal was dead?	David sent messengers to speak with Abigail, to take her as his wife.
25:42	jok0				What did Abigail do when she heard David wanted to marry her?	Abigail hurriedly arose, rode on a donkey with her five young women, and followed David’s messengers to become his wife.
25:44	pf98				What had happened to David’s wife, Michal?	Saul had given her to another man as his wife.
26:2	sbb7				Whom did Saul take with him to seek David in the wilderness of Ziph?	Saul took three thousand chosen men of Israel.
26:4	omme				How did David know that Saul was coming after him into the wilderness?	David sent out spies and learned for certain that Saul had come.
26:5	htib				Where did David go after learning that Saul had come?	David arose and went to the place where Saul had camped.
26:6-8	fy1w				What did Abishai want to do when he and David saw Saul sleeping inside the camp?	Abishai wanted to strike Saul with his own spear and pin him to the earth.
26:9	y1ll				Why did David not want Abishai to kill Saul?	David said no one could kill Yahweh’s appointed king and be innocent. He said that Yahweh will surely punish anyone who kills him.
26:10	coa9				How did David say Saul must die?	David said that Yahweh may cause him to die, or he may die of some disease or of old age, or enemy soldiers may kill him in a battle, but David would not kill him.
26:11-12	afev				What did David take from beside Saul’s head?	David took the spear and the jug of water from near Saul’s head.
26:13	eadw				Where did David go after he left Saul’s camp?	He went across a valley and stood on the top of the hill far away from Saul's camp.
26:15-16	jf01				Why did David say Abner, the man who was to watch over Saul, deserved to die?	He said Abner deserved to die because he did not watch over his master, the anointed of Yahweh.
26:17-18	cset				What question did David ask Saul?	David asked why his master was pursuing David, his servant, and what evil he had done.
26:19	u0y1				What did David say should happen to the people who had caused Saul to be angry with him?	David said that they should be cursed before Yahweh because they had driven him out from the inheritance of Yahweh.
26:21	njww				What did Saul say to David?	Saul said that he had sinned, had acted foolishly, and would not harm David anymore. He asked David to come back home.
26:22	rqo5				What did David tell Saul to do about his spear?	He told Saul to send one of his young men over to get it.
26:24	chj3				What did David say about the value of both of their lives?	David said that just as Saul’s life was great in his eyes that day, he hoped that Yahweh could consider his own life to be great and rescue him from every danger.\n
27:1	zy9g				Why did David think that he needed to escape into the land of the Philistines?	David felt that otherwise Saul would capture him and kill him.
27:4	aon0				What made Saul no longer seek for David?	Saul heard that David had fled to Gath.
27:5-6	oxr1				What did David ask for and receive from Achish the Philistine?	David asked for a place to live in one of the villages in the countryside, and Achish gave him Ziklag.
27:8-9	qrhu				What did David and his men do when they raided the Geshurites, Girzites, and Amalekites?	They struck the land, did not let a man or woman live, and took the sheep, cattle, donkeys, camels, and garments.
27:10	rfy0				Where did David tell Achish he had raided?	David would say that he had raided the south of Judah, or the south of the Jerahmeelites, or the south of the Kenites.
27:11	v54i				From the raids, why did David not bring anyone alive back to Gath?	David did this so that they would not be able to tell Achish the truth about he had really done.
27:12	g1of				Why did Achish trust David?	Achish believed what David told him and thought that David had made himself to be hated among his own people so that he would always have to stay and serve Achish.
28:1-2	ifit				What did Achish want David and his men to do when the Philistines gathered to fight Israel?	Achish wanted David and his men to go out with him into the camp for battle.
28:3	b41f				Whom had Saul removed from the land after Samuel’s death?	Saul had removed those who consulted with ritual pits and familiar spirits from the land.
28:4	enog				Where did the Philistines and the Israelites set up their camps to fight?	The Philistines camped at Shunem, and Israel camped at Gilboa.
28:5-7	q04d				Why did Saul search for a woman who was a mistress of a ritual pit?	Saul was very afraid of the Philistine army, and Yahweh did not answer him by dreams, Urim, or prophets, so Saul sought a women who owns a pit that she uses to contact people who have died.
28:8-9	gwqp				What was the woman afraid of when the disguised Saul went to talk to her?	She was afraid that he was setting a trap for her life, because Saul had cut off those who try to contact people who have died or to try to talk to spirits.
28:10	kt4x				What did Saul promise the woman?	Saul swore by Yahweh that no one would punish if she did what he asked.
28:11-12	h0tp				How did the woman know that the man who asked her to bring up Samuel was Saul?	When the woman saw Samuel, she cried out with a loud voice and said to Saul that he had deceived her.
28:13-14	dt9i				What did the woman say Samuel looked like?	The woman said she saw an old man wearing a robe.
28:15	ozty				Why did Saul say he had brought up Samuel?	Saul said that he was in great danger but God was no longer helping him, so he wanted Samuel to tell him what he should do.
28:16-17	pdg8				What did Samuel say Yahweh had done with Saul’s kingdom?	Yahweh had torn Saul’s kingdom from his hand and had given it to his fellow, to David.
28:19	e711				What did Samuel say would happen to Saul and his sons the next day?	He said that the next day, Saul and his sons would be with him in death.
28:22	xqec				What did the woman and Saul’s servants urge him to do?	They urged him to eat a piece of bread to have strength to go on his way.
28:24-25	inqz				What did the woman prepare for Saul and his servants to eat?	She killed a fatted calf from the stall of her house, and she baked unleavened bread for them to eat.
29:3	q8dw				How did Achish defend the presence of David on the battlefield to the Philistine rulers?	Achish said that in the year that David had been living near him, David had been completely loyal to him.
29:4	mib9				What were the commanders of the Philistines afraid that David would do during the battle?	They feared that David would become an adversary to them in the battle by turning against them.
29:6-7	jim7				What did Achish tell David to do because the commanders of the Philistines did not approve of him?	He told David to return and go in peace.
29:9	hilu				What was Achish’s final decision about David?	Achish said that David was good in his eyes like an angel of God, but the commanders had said David must not go up with them to the battle.
29:10	z8wm				What did Achish tell David to do in the morning?	He told David and his men to rise early in the morning and go away as soon as it was light.
30:1-2	iln8				What did David and his men find had happened to Ziklag while they were away?	The Amalekites had raided Ziklag, burned it with fire, and taken captive all the women who were in it.
30:3-4	lpgb				How did David and his men react to what they found in Ziklag?	They lifted up their voices and wept until they had no more strength to weep.
30:5-6	x3nr				Why was David greatly distressed?	His two wives had been taken captive, and the people were talking about killing David by stoning him.
30:8	vjer				What did David ask Yahweh?	David asked Yahweh if he should pursue the band of raiders and if he would overtake them.
30:8	z22j				What was Yahweh’s answer to David?	Yahweh told him to pursue the men who took their families, for he would catch up with them and be able to rescue their families.
30:10	bc66				What happened to two hundred of David’s men at the wadi of Besor?	They were too exhausted to cross the wadi, so they stayed behind.
30:11-12	hvvu				What was wrong with the Egyptian man that David and his men found in the field?	He had not eaten bread or drunk any water for three days and three nights.
30:13	k1zc				Why had the Egyptian slave's Amalekite master abandoned him?	His master abandoned him because he became sick three days earlier and it was difficult for him to keep traveling with the raiding band.
30:15	qmc2				What did the Egyptian require before he would lead David to the raiding party?	He made David swear by God that he would not kill him or deliver him into the hand of his master.
30:16-17	prb4				What were the raiders doing when David attacked them?	They were spread out over the land, eating, drinking, and celebrating because of all the great plunder they had taken.
30:18	uroh				What did David recover after his attack on the raiders?	He rescued everything the Amalekites had taken, including his two wives.
30:22	zls5				Why did the evil and wicked men not want to share the recovered plunder with those who stayed behind?	They said those who stayed behind did not go with them.
30:23-24	muys				Why did David tell the men they should all share alike?	He said Yahweh had given them what they had and had given the raiders into their hand, so the share of the one who went to battle should be the same as the one who stayed with the equipment.
30:26	mj3j				What did David do with some of the plunder when he came back to Ziklag?	David sent some of the plunder to the elders of Judah who were his friends, telling them it was a blessing for them from the plunder of the enemies of Yahweh.
31:1	wuj5				What happened to the men of Israel when they fought the Philistines on Mount Gilboa?	The men of Israel fled from the Philistines to Mount Gilboa, but the Philistines killed many of them there.
31:2	hkal				What happened to Saul’s sons?	The Philistines overtook Saul and his sons and killed Jonathan, Abinadab, and Malchi Shua.
31:3	v08a				What happened to Saul in the battle?	The fighting became very fierce around Saul. The Philistine archers realized that he was the king of Israel, so they aimed many arrows at him and wounded him badly.
31:4	egjl				What did Saul ask his armor-bearer to do?	Saul asked him to draw his sword and stab him so that the uncircumcised Philistines would not come and abuse him.
31:4	ppl6				What did Saul do when his armor-bearer was afraid and would not kill him?	Saul took out his own sword and threw himself on it, killing himself.
31:5	lhyt				What did the armor-bearer do after he saw that Saul was dead?	He also fell on his own sword and died with Saul.
31:7	qfch				Why did the men of Israel who lived across the valley and the Jordan abandon their cities and flee?	They fled because they saw that the men of Israel had fled and that Saul and his sons were dead.
31:9-10	vmlj				What did the Philistines do with Saul’s body after they found it?	The Philistines cut off Saul’s head, stripped off his equipment, and fastened his corpse to the wall of Beth Shan.
31:11-12	dnwp				What did the valiant men of Jabesh Gilead do after they heard what happened to Saul?	They marched all night and took the corpses of Saul and his sons from the wall of Beth Shan, brought them to Jabesh, and burned them there.
31:13	xdts				What did the inhabitants of Jabesh do with the bones of Saul and his sons?	They buried their bones under the tamarisk tree in Jabesh and fasted for seven days.
