Reference	ID	Tags	Quote	Occurrence	Question	Response
1:1	sfxv				What did David do after defeating the Amalekitesl?	David returned from defeating the Amalekites and remained in Ziklag for two days without receiving any news of the battle between the Philistines and Israelites.
1:2	mg00				On the third day, who came to David from Saul’s camp?	On the third day, a man with his clothes torn and with dirt on his head came to David.
1:4	y2th				What did the young man say about Saul and Jonathan?	The young man said that Saul and his son Jonathan were killed.
1:6	bqti				Where did the young man say he found Saul?	The young man said he was on Mount Gilboa, and Saul was there leaning on his spear.
1:8	b0gx				What did the young man say Saul asked him to do?	The young man said Saul asked him to stand over him and kill him.
1:9	ki23				Why did Saul ask the young Amalekite man to kill him?	Saul asked the young Amalekite man to kill him because great agony had seized him, but his life was still in him.
1:10	ngv8				After the young man killed Saul, what did he take from Saul?	The young man took the crown that was on Saul’s head and the band that was on his arm.
1:11-12	eukz				What did David and his men do when they heard about the deaths of Saul and Jonathan?	David and his men tore their clothes, and they mourned, wept, and fasted until evening.
1:12	qufu				For whom else were David and his men mourning?	David and his men also mourned for the people of Yahweh and for the house of Israel, because they had fallen by the sword.
1:14-15	sig9				Why did David have the young Amalekite man killed?	David had the young Amalekite man killed because the man’s own words testified that he had killed Yahweh’s anointed.
1:16	dgex				Why did David have the young Amalekite man killed?	David had the young Amalekite man killed because the man’s own words testified that he had killed Yahweh’s anointed.
1:17-18	azfg				Where is the funeral song that David sang for Saul and Jonathan written?	The song is written in the Book of Jashar.
1:19	h3ib				What was slain on Israel’s high places?	The splendor of Israel was slain there.
1:20	xrbg				Why did David not want the news of the defeat proclaimed in Gath or Ashkelon?	He did not want the daughters of the Philistines to rejoice or triumph.
1:21	sgjf				Where does the shield of the Saul, the mighty king, remain?	The shield of the mighty king remains on ground on Mount Gilboa.
1:24	sonh				What did Saul do for the daughters of Israel?	He made Israel a safe and prosperous place in which they had beautiful scarlet clothes and expensive jewelry and gold ornaments to wear.
1:26	ujp1				How did David describe his love for Jonathan?	David said Jonathan’s love for him was more wonderful than the love of women.
2:1	b8cn				What did David ask Yahweh, and what was the reply?	David asked if he should go up to one of the cities of Judah, and Yahweh told him to go up.
2:1	ecdv				When David inquired further, to which city did Yahweh tell David to go?	Yahweh told David to go to Hebron.
2:2-3	g6v7				Who went up with David to Hebron?	David went up to Hebron with his two wives, Ahinoam and Abigail, and all his men and their families.
2:4	maml				What did the men of Judah do when they came to David?	The men of Judah came and anointed David as king over the house of Judah.
2:8	g8i3				Who was Abner?	Abner was the son of Ner and the commander of Saul’s army.
2:8-9	gakz				What did Abner do with Ishbosheth, the son of Saul?	Abner took Ishbosheth to Mahanaim and made him king of all the territory that would later be the northern kingdom of Israel.
2:11	y18k				How long was David king in Hebron over the house of Judah?	David was king in Hebron over the house of Judah for seven years and six months.
2:12-13	jzx1				Where did Joab’s men and Abner’s men meet?	They met near the large pool of Gibeon, staying on opposite sides of the pool.
2:15	z87f				How many young men fought before Joab and Abner?	Twelve men from Benjamin for Ishbosheth and twelve men from David’s soldiers fought.
2:17	nw9y				Who won the battle that day?	The soldiers of David defeated Abner and the soldiers from the other tribes of Israel.
2:19	l2xi				Which son of Zeruiah pursued Abner?	Asahel pursued Abner.
2:22	d8jp				How did Abner try to convince Asahel to stop pursuing him?	Abner warned Asahel that if he had to strike him down, he could never again have a peaceful relationship with Asahel's brother Joab.
2:23	yyh0				What happened to Asahel when he refused to stop pursuing Abner?	Abner struck him in the stomach with the butt end of his spear, and the spear went right through his stomach and came out of his back, so Asahel fell and died there.
2:24	zn9d				To what location did Joab and Abishai pursue Abner?	Joab and Abishai pursued Abner to the hill of Ammah, which is near Giah on the way to the wilderness of Gibeon.
2:26-27	tbj4				What did Abner say to stop Joab from pursuing him?	Abner called out to Joab that they should not continue this deadly battle any longer. He told Joab to realize that if they continue fighting, many people will suffer great harm. He said that they are all Israelites, and asked Joab to please tell his soldiers right now to stop chasing Abner and his soldiers.
2:29	ktae				Where did Abner and his men travel?	Abner and his men marched back to Mahanaim.
2:32	pptd				Where did Joab and his men travel?	Joab and his men traveled to Hebron to bury Asahel's body in the tomb of his father at Bethlehem. Then they marched all night, going back to Hebron, their home.
3:1	o3hv				In the war between the house of Saul and the house of David, who grew stronger and who grew weaker?	The house of David grew stronger, and the house of Saul grew weaker.
3:2-3	f44l				Who were David’s first three sons born to him in Hebron?	Amnon, Chileab, and Absalom were the first three sons born to David in Hebron.
3:7-8	wzmc				What did Ishbosheth accuse Abner of doing?	Ishbosheth accused Abner of doing something wrong by having sexual relations with his father Saul’s concubine.
3:9-10	r5yt				After Ishbosheth’s accusation, what did Abner swear he would do?	Abner swore that he would transfer the kingdom from Saul’s house to David and establish David’s throne over all Israel and Judah.
3:13	abgb				What was David’s one condition for making a covenant with Abner?	Abner had to bring his wife Michal, Saul’s daughter, when he came to see David.
3:14	k871				What price had David paid for Michal to be his wife?	David had paid the price of 100 Philistine foreskins for Michal.
3:17-18	ytlv				What did Abner tell the elders of Israel to do?	Abner told the elders to make David their king, since Yahweh spoke about David, saying that by the hand of his servant David my servant, he would save his people Israel from the hand of the Philistines and from the hand of all of their enemies
3:20	m93m				What did David do for Abner when Abner and his twenty men arrived in Hebron?	David made a feast for Abner and his men.
3:21	jk14				What did Abner tell David he planned to do?	Abner said he would gather all of Israel to David so they could make a covenant with him, and so David could reign over all that he desired.
3:23	vn40				How did David and Abner part ways?	David sent Abner away, and he went in peace.
3:25	jgzv				What did Joab accuse Abner of doing?	Joab accused Abner of coming to deceive David and to learn all about his plans.
3:27	ooay				What did Joab do after he had Abner brought back to Hebron?	To avenge the death of his brother Asahel, Joab took Abner aside to the middle of the gate and struck him in the stomach, and he died.
3:29-30	yptl				Why did David curse Joab for murdering Abner?	Joab and Abishai his brother had murdered Abner because he had killed Asahel their brother at Gibeon in the battle. They should not have taken revenge.
3:29	qvzs				After Joab killed Abner, what curse did David pronounce on Joab’s family?	David pronounced a curse that the guilt for Abner’s blood would be on Joab and his father’s house forever. He asked that there will always be someone in Joab's family who has sores or who is a leper or who cannot walk without a crutch or who dies in battle or who does not have enough food to eat.
3:31	r2xy				What did David tell Joab and all the people with him to do?	David told them to tear their clothes, put on sackcloth, and mourn for Abner.
3:35	ir96				What did David swear when the people urged him to eat?	David swore an oath that he would not taste bread or anything else for the rest of this day.
3:37	dmt2				What did all the people of Israel understand from David’s mourning for Abner?	They understood that the king had not wanted Joab to kill Abner.
3:38	bxru				What did the king say to his servants about Abner?	The king told his servants that a commander and a great man had fallen that day in Israel.
3:39	wjad				What did David hope for the sons of Zeruiah?	David hoped that Yahweh would repay the evildoer according to his evil.
4:1	ybqy				What caused Ishbosheth’s hands to become weak?	When Ishbosheth heard that Abner was dead in Hebron, his hands became weak.
4:2	smmc				What were the names of two of Ishbosheth’s commanders?	The names of two of his commanders were Baanah and Rechab.
4:4	v49z				What was the name of Jonathan’s son who was crippled in his feet?	The name of Jonathan’s son who was crippled in his feet was Mephibosheth.
4:6	p0y5				How did Rechab and Baanah get into Ishbosheth’s house?	They went into the middle of the house as if they were getting wheat.
4:7	nys9				What did Rechab and Baanah do once they were inside Ishbosheth’s house?	They went to his private bedroom and they stabbed and killed him as he was lying asleep on his bed, and then they removed his head.
4:8	v3xc				Where did Rechab and Baanah go after they killed Ishbosheth?	They brought the head of Ishbosheth to David at Hebron.
4:11	jt0q				What did David say about Rechab and Baanah?	David said they were wicked men who had murdered a righteous man in his own house on his bed.
4:12	tp7z				On David’s orders, what did the young men do to Rechab and Baanah?	The young men killed Rechab and Baanah, cut off their hands and feet, and hung them beside the pool at Hebron.
4:12	frd3				What did David have done with the head of Ishbosheth?	David had the head of Ishbosheth buried in Abner’s grave in Hebron.
5:2	kyk0				What did the tribes of Israel say Yahweh had promised David?	They said Yahweh had promised that David would shepherd his people Israel and become their ruler.
5:3	wfx8				Who came to Hebron, made a covenant with David, and anointed him king over Israel?	All the elders of Israel came to Hebron, made a covenant with David, and anointed him king over Israel.
5:5	v1vg				How many years did David reign in Jerusalem over all Israel and Judah?	David reigned in Jerusalem for 33 years over all Israel and Judah.
5:6-7	eu5e				By what other names was Jerusalem called?	The stronghold of Zion was also called the City of David.
5:6-7	ozj5				From whom did David capture the stronghold of Zion?	David captured the stronghold of Zion from the Jebusites.
5:10	g0zz				Why did David become greater and greater?	David became greater and greater because Yahweh, the God of Armies, was with him.
5:11	ayrp				What did Hiram, king of Tyre, send to David?	Hiram sent messengers, cedar trees, carpenters, and stonemasons to David to build a house for David..
5:14-16	i4ub				How many sons were born to David in Jerusalem?	Eleven sons were born to David in Jerusalem.
5:17	zdnu				What did the Philistines do when they heard that David had been anointed king over Israel?	When the Philistines heard David had been anointed king, they marched toward Jerusalem to try to capture David.
5:19	g6k9				What did Yahweh tell David when David asked if he should attack the Philistines?	Yahweh told David to go up because he would definitely enable David's army to defeat them.”
5:20	yq2q				Where did David attack the Philistines, and what was the outcome?	David attacked the Philistines at Baal Perazim and defeated them there.
5:23	pmbh				When the Philistines came up a second time, how did Yahweh tell David to attack them?	Yahweh told David not to go up to attack them from the front, but to circle around behind them and attack from opposite the balsam trees.
5:24	j2jh				What sound did Yahweh tell David to listen for before attacking the Philistines?	Yahweh told David to attack when he heard the sound of marching in the tops of the balsam trees.
5:25	pxhm				What was David’s response to Yahweh’s command?	David did just as Yahweh had commanded him.
5:25	qvvw				What was the outcome of this battle against the Philistines?	David's soldiers defeated the Philistine soldiers and chased them from the city of Geba all the way west to the city of Gezer.
6:1-2	u32q				Why did David gather all the chosen men of Israel?	David gathered the chosen men of Israel to bring up the Box of God from Baalah of Judah.
6:3	lmkw				On what did they set the Box of God?	They set the Box of God on a new cart pulled by two oxen.
6:3	l55f				Who was guiding the new cart?	Uzzah and Ahio, the sons of Abinadab, were guiding the new cart.
6:6	f7ge				What happened at the threshing floor of Nacon?	The oxen stumbled, and Uzzah reached out to steady the Box of God.
6:7	wrsm				What did God do in response to Uzzah’s action?	God became angry and struck Uzzah for his fault, and Uzzah died there by the Box of God.
6:8-9	wcqj				How did David feel about what Yahweh had done to Uzzah?	David was angry because Yahweh had broken out against Uzzah. Then David became afraid of Yahweh, and he said that it was too dangerous for him to try to bring the sacred chest to where he lived in Jerusalem.
6:10-11	yt1r				What did David do with the Box of God after Uzzah died?	David decided not to bring the sacred chest to the City of David. Instead, he had the people take it into the house of Obed Edom, there by the road.
6:12	cpqz				Why did David bring the Box of God from Obed Edom’s house to the City of David?	David brought it because he was told that Yahweh had blessed the house of Obed Edom because of the Box of God.
6:14	cye1				What did David do as the Box of God was being brought up?	As the Box of God was being brought up, David, wearing a linen ephod, danced before Yahweh with all his strength.
6:16	jgnp				What was Michal’s response when she saw King David leaping and dancing before Yahweh?	When Michal saw King David leaping and dancing before Yahweh, she despised him in her heart.
6:17	jsls				After the Box of Yahweh was set in its place, what offerings did David make to Yahweh?	David offered burnt offerings and peace offerings to Yahweh.
6:19	s0xu				What did David distribute to all the people?	He distributed a cake of bread, a date cake, and a raisin cake to each person.
6:20	za6z				What did Michal say to David when he returned home?	She sarcastically asked how the king of Israel had honored himself by uncovering himself before the eyes of his servants’ female servants, like a worthless person.
6:21-22	eso0				What was David’s response to Michal’s rebuke?	David said that he celebrated before Yahweh, who chose him as leader. He said he would humble himself even more, and that the female servants would honor him.
7:1	ecsy				What did Yahweh give David?	Yahweh gave David rest from all his surrounding enemies.
7:2	th5e				What did the king say to Nathan the prophet?	The king said to Nathan that he was living in a house of cedar, but the Box of God was dwelling in a tent.
7:3-4	p05s				What did Nathan tell David before the word of Yahweh came to him?	Nathan told David to do all that was in his heart, because Yahweh was with him.
7:7	qcjm				What question did Yahweh ask about the leaders of Israel?	Yahweh asked if he had ever commanded one of the leaders of Israel to build him a house of cedars.
7:8-9	fdhg				What did Yahweh say he had done for David?	Yahweh said he took David from the pasture to be ruler over Israel, had been with him everywhere, and had cut off all his enemies from before him.
7:10	q9n5				What did Yahweh say he was going to do for Israel?	Yahweh said he had established a place for them and will plant them so they could live in their own place and not be afflicted by wicked people anymore.
7:12-13	l1qo				Who did Yahweh say would build a house for his name?	Yahweh said he would raise up David’s own offspring after him, and that offspring would build a house for his name.
7:16	vwik				What did Yahweh say about David’s house and kingdom?	Yahweh said David’s descendants would continually rule the kingdom of Israel after him..
7:18-20	sfrq				After Nathan told David all the words Yahweh had said, what did David do?	David went in and sat before Yahweh and prayed to him.
7:20	y34w				After hearing the prophecy, what did David say about Yahweh?	David said that Yahweh knew his servant so well.
7:21	x5e8				Why did David say Yahweh had done this great thing and revealed it to him?	David said Yahweh had done it for the sake of his word and according to his own heart.
7:23	o9vb				Why did God go to redeem Israel?	God redeemed Israel to make them a people for himself and to make a name for himself.
7:27	rpbx				Why did David say he had been bold enough to pray like this to Yahweh?	David said he found the heart to pray because Yahweh had revealed that he would build a house for David.
7:28	hw7v				What did David say about Yahweh’s words?	David said that Yahweh’s words are true.
7:29	bvc8				What did David ask Yahweh to do?	David asked Yahweh to be pleased to bless his house so that it would continue forever before him.
8:1	edwp				What did David gain by attacking and subduing the Philistines?	They captured Metheg Ammah and made the Philistines subject to the Israelites.
8:2	elho				How did David decide which Moabite soldiers would live or die?	He made them lie on the ground and measured them with a rope, measuring two rope lengths to be killed and one full rope length to be kept alive.
8:2	fzrh				What happened to the Moabites who were left alive?	The rest of the Moabites had to accept David as their ruler. Every year they had to give him the payment that he demanded.
8:3-4	nsre				What did David capture from Hadadezer?	David captured from him 1,700 horsemen and 20,000 men on foot.
8:5	stsv				What did David do to the Arameans of Damascus when they came to help Hadadezer?	David struck 22,000 men among the Arameans.
8:6	fujx				Why was David victorious?	Each time David led his soldiers into battle, Yahweh enabled them to win victories over their enemies.
8:10	t07b				What did Toi, king of Hamath, do when he heard that David had defeated Hadadezer’s army?	Toi sent his son Joram to greet and bless David, and Joram brought vessels of silver, gold, and bronze.
8:11	xzr7				What did David do with the silver and gold from the nations he had subdued?	David consecrated the silver and gold to Yahweh.
8:13	c2k4				Where did David strike the Arameans?	David killed 18,000 Arameans in the Valley of Salt.
8:15	r2mf				What did David do for all his people?	David did justice and righteousness for all his people.
8:18	vrgi				How did David's sons serve his kingdom?	David’s sons were his advisors.
9:1	qv7k				Why did David want to show covenant faithfulness to anyone left in Saul’s house?	David wanted to show covenant faithfulness for the sake of Jonathan.
9:3	yexz				How did Ziba answer the king when he was asked if anyone was left in Saul’s house?	Ziba told the king that one son of Jonathan was still alive but not able to walk.
9:6	s1q6				Who was left in Saul’s house?	Mephibosheth, the son of Jonathan, the son of Saul, was left.
9:7	j9hk				What kindness did David show Mephibosheth for Jonathan’s sake?	David restored to Mephibosheth all the land of his grandfather Saul, and he had Mephibosheth eat meals with his family continually.
9:10	fg0p				What did David tell Ziba to do for Mephibosheth?	David told Ziba that he, his sons, and his servants were to work the land for Mephibosheth and bring in the harvest.
9:13	tjbi				Where did Mephibosheth live after David showed him kindness?	Mephibosheth lived in Jerusalem because he ate meals with David's family in the palace..
9:13	dxtt				What physical problem did Mephibosheth have?	Mephibosheth was lame in both of his feet.
10:1	dt8k				Who became king of the Ammonites after the former king died?	Hanun his son became the new king.
10:2	gvji				How did David show kindness to Hanun?	David sent his servants to console Hanun concerning the death of his father.
10:3	rx2w				What did the Ammonite commanders say about David’s show of kindness to Hanun?	The commanders told Hanun that David had sent his servants to explore the city in order to spy on it and overthrow it.
10:4	dpsr				What did Hanun do to David’s servants?	He commanded his soldiers to seize David’s officials and insult them by shaving off one side of their beards and cut off the lower part of their robes so that their buttocks would show. Then he sent them back to Israel.
10:6	aq0c				Why did the Ammonites hire soldiers from other nations?	The Ammonites hired soldiers because they saw that they had greatly insulted David.
10:6-8	z0si				Where did the Ammonites and their hired soldiers position themselves for battle?	The Ammonites formed a battle line at their city gate, while their hired soldiers from Aram, Tob, and Maacah were by themselves in the field.
10:7	d5j2				What did David do when he heard that the Ammonites had hired soldiers?	When David heard of it, he sent Joab and all the army of mighty men to fight against them.
10:9-10	gr2n				How did Joab prepare for the battle?	Joab chose some of the best men of Israel and arrayed them to meet the Arameans, and he put the rest of the people in the hand of his brother Abishai to meet the Ammonites.
10:14	n73m				What did the Ammonites do when they saw that the Arameans had fled from Joab?	When the Ammonites saw that the Arameans had fled, they also fled from Abishai and went into the city.
10:15-16	ki85				What did the Arameans do when they saw they had been defeated by Israel?	The Arameans gathered themselves together again at Helam, and Hadadezer sent for many troops from Aramean kingdoms beyond the Euphrates River.
10:17	z7fd				What did David do when he heard that the Arameans had gathered again?	David gathered all Israel, crossed the Jordan, and came toward Helam to fight the Arameans.
10:19	k3ei				What did all the kings who were servants of Hadadezer do when they saw they were defeated by Israel?	They made peace with Israel and served them. The Arameans would not help the Ammonites anymore after that, because they were afraid of Israel.
11:1	b9rx				When did kings normally go out to war?	Kings normally went out to war at the return of the year, in the spring.
11:1	x99e				Where was King David at this time?	David sent out his commander Joab with his officers and the rest of the Israelite army, but David himself stayed in Jerusalem.
11:2-3	g4cz				Who did David see one evening when he was walking on the roof of his palace?	David saw a very beautiful woman bathing, and her name was Bathsheba.
11:3	rq0a				Who was Bathsheba’s husband?	Bathsheba’s husband was Uriah the Hittite.
11:4-5	b8im				What did David do with Bathsheba?	David sent for her, he had sexual relations with her, and she became pregnant.
11:6	zyc1				After David found out Bathsheba was pregnant, what did he do?	He told Joab to send Uriah the Hittite to him.
11:8	ndkj				When Uriah came to David, what did David try to get him to do?	David tried to get Uriah to go down to his house and relax for a while.
11:9	di80				What did Uriah do after David told him to go to his house?	Uriah did not go to his house, but instead slept at the entrance of the king’s house with all the servants of his master.
11:11	ybx4				Why did Uriah say he would not go to his own house?	Uriah said he would never go to his house to eat, drink, and lie with his wife while the Box, Israel, and Judah were dwelling in tents, and Joab and his men were camping in the open field.
11:15	ca9b				What did David’s letter to Joab say?	The letter said to put Uriah in the front of the strongest battle and then to retreat from him so he would be struck and die.
11:19-20	bbrz				What did Joab think might happen when his messenger brought news of the war to David?	Joab thought David might become angry because he had allowed the Ammonites to kill some of his soldiers..
11:20	qjy5				What news did Joab think David might be angry about?	Joab thought David might be angry that soldiers got so close to the city to fight because the Ammonite soldiers would shoot arrows at them from the top of the city wall.
11:21	yaaw				What did Joab tell the messenger to say if David got angry?	Joab told the messenger to say that his servant Uriah the Hittite was also dead.
11:25	qm51				What did David tell the messenger to say to Joab?	David told the messenger to encourage Joab by telling him to not feel badly since no one ever knows who might die in a battle. David advised him to strengthen his battle against the city and destroy it.
11:26	q6b1				What did Uriah’s wife do when she heard that her husband was dead?	When she heard her husband was dead, she mourned for him.
11:27	mi20				What happened to Bathsheba?	After her mourning passed, David sent for her, and she became his wife, and she bore him a son.
11:27	mkpz				Who was displeased with what David had done?	Yahweh was very displeased with what David had done.
12:1	rsmr				Why did Nathan go to David?	Nathan went to David because Yahweh sent him.
12:1-3	tfvh				What was Nathan’s story about?	The story was about a rich man with many flocks and herds and a poor man who had only one little ewe lamb that was like a daughter to him.
12:4	p04o				What did the rich man do with the poor man’s lamb?	When a traveler came to the rich man, he took the poor man’s lamb and prepared it as a meal for his guest.
12:5	mejl				What was David’s reaction to Nathan’s story?	David was very angry and said that he wanted to execute the man who did that.
12:7	y72t				What did Nathan tell David after David reacted in anger?	Nathan told David, “You are the man.”
12:9	aqvm				What did Yahweh say David had done?	Yahweh said David had struck Uriah the Hittite with the sword, had taken his wife to be his own wife, and had murdered him with the sword of the Ammonites. Yahweh said that David did not take seriously what he commanded when he said that his people must not commit adultery or murder. David did things that Yahweh considers to be very evil!
12:10-11	cmbp				What did Yahweh say would happen because David despised him and took Uriah’s wife?	Yahweh said that he would make someone from David's own family cause disaster for him. Yahweh would take David's wives away from him and give them to that person instead. He will have sexual relations with them in public.
12:13	vq6z				After he confessed his sin, what did Nathan say would happen to David?	Nathan told David that Yahweh had taken away his sin and that he would not die.
12:14	rzfb				What did Nathan say would happen to the son born to David?	Nathan said that because David had shown great contempt for Yahweh by doing this., the son born to him would surely die.
12:16-17	erte				What did David do when the child was very sick?	David prayed to God that the child would not die, fasted, and went in and slept on the floor of his room.
12:18	dtee				When did the child die?	The child died on the seventh day.
12:20	x1gp				What did David do once he knew the child was dead?	David arose from the ground, washed and anointed himself, changed his clothes, and went to the house of Yahweh and prostrated himself. Then he asked his servants for food and he ate it.
12:23	bk4y				Why did David stop fasting after the child died?	David reasoned that there was no reason to fast since he could not bring the child back again.
12:25	eijb				Why did Yahweh send word through Nathan to name the new son Jedidiah?	Yahweh said to name him Jedidiah because of Yahweh.
12:26	bfbo				Against whom was Joab fighting at this time?	Joab was fighting against Rabbah of the sons of Ammon.
12:28	ymk7				Why did Joab tell David to gather the rest of the army and capture the city?	Joab did not want to capture the city himself, because if he did, it would renamed to honor him and not King David.
12:31	kav9				What did David make the people of Rabbah do after he captured the city?	David brought out the people and set them to work with saws, iron picks, and iron axes. David’s troops also forced them to make bricks.
13:1	mls7				To whom was Amnon, the son of David, attracted?	Amnon loved his beautiful half-sister Tamar, who was the sister of Absalom.
13:4	wary				How did Amnon respond when Jonadab asked him why he was so weak?	Amnon told Jonadab that he loved Tamar, his brother Absalom’s sister.
13:6	k7e6				What did Amnon do to get to see Tamar?	Amnon pretended to be sick, and when David came to see him, he asked David to let Tamar come and make food for him so he could eat from her hand.
13:11	kodi				What did Amnon do when Tamar came to feed him?	When Tamar came to feed him, he seized her and told her to come and lie with him.
13:12-14	mdg8				What did Amnon do when Tamar begged him not to force her?	He refused to do what she said he should do. He was stronger than she was, so he forcibly had sexual relations with her.
13:15	iefq				How did Amnon feel toward Tamar after he raped her?	Amnon hated her with a very great hatred that was greater than the love with which he had loved her.
13:15	ywkl				What did Amnon command Tamar to do?	Amnon commanded Tamar to leave.
13:17	dci6				What did Amnon order his servant to do?	He ordered his servant to send Tamar outside and to lock the door behind her.
13:19	v1i2				What did Tamar do after she was put out of Amnon’s room?	Tamar tore the long robe that she was wearing. She put ashes on her head, and she put her hand on her head. As she went away, she kept screaming.
13:21	aacn				What was King David’s response when he heard about these things?	When King David heard all these things, it made him very angry, but he did nothing about it.
13:22	l2b8				How did Absalom feel toward Amnon after he raped Tamar?	Absalom hated Amnon because he had humbled his sister Tamar.
13:23-24	smul				Whom did Absalom invite to visit him at Baal Hazor?	Absalom invited the king and all the king’s sons to visit him.
13:25	ayw9				What did the king say in response to Absalom’s invitation?	The king said they should not all go because they would be a heavy burden to Absalom.
13:26	v7qp				What did David say when Absalom asked him to let Amnon go with them?	But the king replied, “You do not need to invite him to the celebration either.”
13:27	e4bt				Who went with Absalom?	Absalom urged David, so he sent Amnon and all the king’s sons with him.
13:28	ibz8				What did Absalom command his servants to do to Amnon?	Absalom commanded his servants to kill Amnon when Amnon began to be drunk with wine.
13:29	q3rc				What did the king’s sons do after Absalom’s servants killed Amnon?	All the king’s sons arose, and they got onto their mules and escaped by riding away fast.
13:30	mi7u				What was the first news David heard about the incident?	The first report to David said that Absalom had killed all the king’s sons and not one was still alive.
13:32	z0hf				What did Jonadab say had happened and why?	Jonadab said that only Amnon is dead. Absalom has been determined to kill him ever since the day that Amnon raped his sister Tamar..
13:37	luah				Where did Absalom go after having Amnon killed?	Absalom fled to Talmai, the son of Ammihud, king of Geshur.
13:38	vexl				How long was Absalom in Geshur?	Absalom was in Geshur for three years.
13:39	h5po				What did King David intend to do?	King David had intended to attack Absalom and punish him for killing Amnon.
14:1-2	b2xk				What did Joab do when he knew the king’s heart was against Absalom?	Joab sent to Tekoa and brought a wise woman from there to act as if she had been in mourning for a long time.
14:2-3	ns0m				What did Joab want the wise woman to do?	Joab wanted the wise woman to pretend to be a mourner and to go speak to the king the words Joab told her to say.
14:5	ftve				When the wise woman went to the king, whom did she say she was?	The wise woman told the king she was a widow.
14:6	xtdr				What did the wise woman tell the king her two sons had done?	She told the king that her two sons fought in a field, and one struck the other and killed him.
14:7	jmgp				What did the wise woman tell the king she was afraid would happen to her remaining son?	She said she was afraid the whole clan would kill her remaining son, destroying her heir and leaving no descendants to preserve her family’s name.
14:11	cdk5				Why did the wise woman ask the king to remember Yahweh his God?	She asked the king to remember Yahweh so that the avenger of blood would not destroy her son.
14:11	sc8k				Who did the king swear by when he told the woman that not one hair of her son would fall to the ground?	The king swore by the life of Yahweh.
14:13	c663				Why did the woman say the king had been doing the wrong thing?	The woman said the king was acting badly because he had not brought back his own banished son.
14:14	odxs				What did the woman say God does instead of taking away life?	She said that God forgives people who have sinned against him so that they can once more be in a good relationship with him.\n
14:15-16	vd8s				Why did the woman say she came to speak to the king?	She said she came because the people had frightened her, and she hoped the king would listen and deliver her.
14:17	n357				What did the woman say about the king?	She said that what the king says will comfort her, because he is like an angel of God, and he knows how to determine what is right and what is wrong.
14:19	kc5c				What did the king ask the woman?	The king asked the woman if Joab arranged for her to do all this.
14:20	y5c1				Why did Joab have the woman go to the king?	Joab did that to try to get David to feel differently about this matter.
14:22	eb2o				What did Joab do when the king told him to bring Absalom back?	Joab lay facedown on the ground in honor and gratitude to the king.
14:24	rehg				What instructions did the king give about Absalom?	The king said that Absalom could return to his own house but could go and speak with the king.
14:25-26	kjhe				What was notable about Absalom’s appearance?	He was so handsome that people throughout Israel praised Absalom for being a very handsome man. He did not seem to have any flaws in any part of his body. His hair was long, thick, and heavy.
14:28	h011				How long did Absalom live in Jerusalem without seeing the king’s face?	Absalom lived in Jerusalem for two years, during which David still did not allow Absalom to come and speak with him.
14:30	agqm				What did Absalom tell his servants to do after Joab refused to come to him?	Absalom told his servants to go and burn Joab’s barley field with fire.
14:32	neos				What did Absalom want Joab to do?	Absalom wanted Joab to go to the king and ask why he had come from Geshur, and to say that he wanted to come and speak with him.
14:33	z3nq				What did the king do when Absalom bowed before him?	The king kissed Absalom on the cheek to show that he was no longer hostile to him.
15:1	bofk				What did Absalom prepare for himself?	Absalom prepared a chariot and horses for himself.
15:1	ezbk				Who ran before Absalom’s chariot?	He hired fifty men to run in front of his chariot.
15:2	laaf				Whom would Absalom call to as he stood by the gate?	Absalom would call to any man who had a dispute and was coming to the king for judgment.
15:3	lpha				What would Absalom say about the cases of the men who came for judgment?	Absalom would say to them that their matter was good and right, but the king is not able to decide everyone’s case, and he has not appointed anyone else to judge cases for people like you.
15:4	q6fp				Why did Absalom say he wished he were a judge in the land?	Absalom said he wished he were a judge so that every person with a dispute could come to him and he would give them justice.
15:5	polz				What did Absalom do when a man approached to prostrate himself?	Absalom would stretch out his hand, hold the man up, and kiss him on the cheek.
15:6	oszm				What did Absalom steal from the men of Israel?	Absalom stole the hearts of the men of Israel. The Israelites began to wish that Absalom were their king instead of David.
15:7	ijg6				What reason did Absalom give the king for needing to go to Hebron?	Absalom said he had to go to Hebron to fulfill a vow he had made to Yahweh.
15:10	ojrt				What did the spies that Absalom sent throughout Israel say?	The spies said that when people heard the sound of the shofar, they should say that Absalom has become the king at Hebron.
15:11	b2m3				Did the two hundred men who went with Absalom to Hebron know of his plans?	No, the two hundred men came because he had invited them to the feast he was going to host there. They were not part of his conspiracy. They knew nothing about what he was planning to do.
15:14	a4jk				What did David tell his servants to do after a messenger told him that the hearts of the men of Israel were behind Absalom?	David told his servants in Jerusalem to arise and flee, because there would be no escape from Absalom.
15:16	ol3w				Whom did the king leave behind in Jerusalem to keep the house?	The king left ten women, who were concubines, to keep the house.
15:18	ssej				Who marched with the king as he left Jerusalem?	All his servants, all the Cherethites, all the Pelethites, and all the Gittites—600 men from Gath—marched with him.
15:21	gc7y				What did Ittai the Gittite tell the king after the king told him to return?	Ittai swore that he would go wherever the king would go, and he would fight to defend David even if he had to die doing that.
15:23	vycy				Which way did David and all those with him go as they left Jerusalem?	Since Absalom would be coming from the southwest, the king and the others crossed the Kidron Valley and then went up the hill on the road that goes through the desolate area east of Jerusalem.
15:25	ffll				What did the king tell Zadok the priest to do with the Box of God?	The king told Zadok to take the Box of God back to the city.
15:28	q8uv				Why was David going to wait at the fords of the wilderness?	He was going to wait there until a word came from the priests to tell him what to do.
15:31	g2yy				What did David pray when he was told that Ahithophel was with Absalom?	David prayed that Yahweh would make Ahithophel give Absalom bad advice.
15:32	d4zf				Who did David meet at the top of the Mount of Olives?	David unexpectedly met Hushai the Archite, who had torn his clothes and put dirt on his head to show that he was very sad.
15:34	h9ni				What did David want Hushai the Archite to do for him?	David wanted Hushai to return to the city and offer to be Absalom’s servant so he would be able to counter any good advice that Ahithophel would give to Absalom.
15:35	jbiv				To whom did David want Hushai to report everything he heard in the king’s palace?	David wanted Hushai to report everything to Zadok and Abiathar the priests.
16:1	mrz3				What did Ziba, the servant of Mephibosheth, bring to David?	Ziba brought a pair of saddled donkeys, 200 loaves of bread, 100 clusters of raisins, 100 summer fruits, and a skin of wine.
16:3	zui6				According to Ziba, why did Mephibosheth stay in Jerusalem?	Ziba said Mephibosheth stayed because he said that the house of Israel would return the kingdom of his father to him that day.
16:4	c0ul				What did the king say now belonged to Ziba?	The king told Ziba that all that belonged to Mephibosheth was now his.
16:5-6	pztb				What did Shimei do to David and all the king’s officials?	Shimei came out cursing, and he threw stones at David and all the servants of King David.
16:7-8	h7yd				What did Shimei call David?	Shimei called David a man of blood and a man of wickedness.
16:12	ud0v				What did David hope Yahweh would do in response to Shimei’s cursing?	David hoped that Yahweh would look at his affliction and return good to him in place of the cursing.
16:16	ij6z				When Absalom came to Jerusalem, what did Hushai say to him?	Hushai said to Absalom, “May the king live! May the king live!”
16:18	jmpl				To whom did Hushai tell Absalom he would belong?	Hushai told Absalom that he would belong to the one whom Yahweh, the people, and every man of Israel had chosen.
16:21	ukns				What did Ahithophel advise Absalom to do?	Ahithophel advised Absalom to go in to his father’s concubines whom David had left to keep the house.
16:23	bxn1				How was Ahithophel’s counsel viewed?	The counsel of Ahithophel was viewed as if God himself had recommended it.
17:1-4	wf1x				What did Ahithophel advise Absalom and all the elders of Israel about how he should attack David?	Ahithophel’s advice was to let him lead a large army carry out a surprise attack on David that night, when he was weary and weak, kill only David, and bring back all the rest of the people for Absalom to rule.\n\n\n\n
17:5-7	a5xs				What was Hushai’s opinion of Ahithophel’s plan?	Hushai said that the counsel Ahithophel had given on this occasion was not good.
17:9-10	jdce				Why did Hushai say the plan was not good?	Hushai said that David and his very brave warriors were probably in a safe place, and David’s soldiers will certainly kill some of Ahithophel's soldiers at the start of the battle. When people hear about that, they will say that David’s soldiers are slaughtering Absalom’s soldiers! Then your other soldiers, even if they are as fearless as lions, will become very afraid.
17:11-12	fm2v				What did Hushai advise Absalom to do?	Hushai advised Absalom to gather all of Israel, from Dan to Beersheba, and for Absalom himself to go into the battle. He said that this great army would overwhelm David's smaller army and none of them would survive.
17:14	ei86				How did Absalom and the men of Israel respond to Hushai’s advice?	They said the counsel of Hushai was better than the counsel of Ahithophel and they decided to do what Hushai suggested.
17:16	iljl				What message did Hushai send to David?	The message was that David should not stay at the place where people can walk across the Jordan River but should cross over immediately, because otherwise, Absalom and his army may come and kill them.
17:17	d7fn				How was information relayed to King David?	A maidservant of the two priests would go and declare news to Jonathan and Ahimaaz, and they would go and declare it to King David.
17:18	ovwf				What did Jonathan and Ahimaaz do when a young man saw them and told Absalom?	The two of them went quickly to the house of a man in Bahurim and went down into a well in his courtyard.
17:19-20	g399				How were the two men helped?	The man’s wife spread a covering over the well and spread grain on it, and when Absalom’s servants asked where the men were, she told them they had crossed the brook.
17:21-22	dogg				After Absalom’s men left, what did the two men do?	They came up from the well, went and reported the news to King David, and told him to get all these people across the Jordan River quickly.
17:23	q7gm				What did Ahithophel do when he saw that his counsel was not followed?	Ahithophel saddled his donkey, went to his house, gave to his family instructions about what to do with his possessions, and then he hanged himself because he knew that otherwise David would kill him as a traitor.
17:27-29	jl8l				How were David and his people cared for in the wilderness?	Shobi, Machir, and Barzillai brought beds, basins, pottery, and all kinds of food for David and the people with him to eat.
18:2	vcx0				What did King David tell the army?	King David told the army that he would also go out with them himself.
18:3-4	j34m				What was the response from the men in the army to King David?	The men told King David not to go out, because he was worth ten thousand of them, and it was better for him to be ready to help them from the city.
18:5	aws1				What instructions did the king give his commanders about Absalom?	The king told the commanders not to harm the young man Absalom for his sake.
18:6-8	tm6f				What was the outcome of the battle in the Forest of Ephraim?	The people of Israel were struck down before the servants of David, and more of Absalom's soldiers died because of accidents in the forest than the number of them whom David’s soldiers killed in the battle.
18:9	pcmb				What happened to Absalom when the mule he was riding ran under the thick branhes of a large oak tree?	Absalom’s head was caught in the oak tree. The mule kept going, and that left Absalom dangling in the air.
18:10-11	yizh				Why was Joab upset with the man who saw Absalom?	Joab was upset because the man did not kill Absalom immediately.
18:12-13	gqwr				Why did the man refuse to kill Absalom?	He refused because he had heard the king command his commanders to keep from hurting the young man Absalom.
18:14	y5lg				What did Joab do to Absalom?	Joab took three spears and thrust them into the heart of Absalom while he was still alive in the oak tree.
18:17	dmul				What was done with Absalom’s body?	They threw Absalom’s body into a great pit in the forest and set up a very great heap of stones over him.
18:18	fv4o				Why had Absalom set up a pillar for himself in the Valley of the King while he was alive?	Absalom set up a pillar to make his name remembered, because he said he had no son to make people remember his name.
18:19-20	u0gk				Why did Joab tell Ahimaaz not to run to the king with the news?	Joab told him not to bring the news that day because the king’s son was dead.
18:21-23	zqch				Why did Ahimaaz still run and tell David the news?	Ahimaaz insisted on running after the Cushite, even though Joab told him there was no reward for the news, so Joab told him to go.
18:24-25	ly45				What did the king think when the watcher reported a lone runner?	The king said that if the man was by himself, that indicates that he is bringing news.
18:26	xqyi				What did the king think when the watcher reported another lone runner?	The king said that this one was also bringing news.
18:27	skn0				What did the king think when the watcher identified the first runner as Ahimaaz?	The king said that he was a good man and came with good news.
18:28	bhpr				What news did Ahimaaz bring to the king?	Ahimaaz told the king that Yahweh had defeated the men who had lifted their hand against the king.
18:29	r2mo				How did Ahimaaz answer when the king asked about Absalom?	Ahimaaz said he saw a great tumult but did not know what it was about.
18:32	auvs				What was the Cushite’s answer when the king asked about Absalom?	The Cushite said that he wished that what happened to Absalom would happen to all of David's enemies and to anyone who rebels against him.
18:33	l0gn				How did the king respond to the news of his son’s death?	The king trembled, went up to the upper room of the gate, and wept, wishing he had died in place of his son.
19:2	u2kh				Why did the victory that day turn into mourning for all the people?	The victory turned into mourning because the people heard that the king was grieved because of his son.
19:4	ruf5				What was the king’s cry?	The king cried, “My son Absalom! Absalom, my son, my son!”
19:6	nq3n				What did Joab say would have pleased the king?	Joab said that he could see that if Absalom were still alive and all of David's men were dead today, David would like that better.
19:7	yloc				What did Joab tell the king would happen if he did not go out and speak to his servants?	Joab swore by Yahweh that if the king did not go out, all his soldiers wil have abandoned him by tomorrow morning.
19:8	a3zp				When did all the people come before the king?	All the people came before the king after they were told that the king was sitting in the gate.
19:9-11	ritd				What were the people in the tribes of Israel arguing about?	The people were arguing about what they should do now that Absalom was dead and David had left Israel to escape from Absalom.
19:11	ndn3				Whom did King David send to speak to the elders of Judah?	David sent Zadok and Abiathar the priests to speak to the elders of Judah.
19:13	wedp				Whom did David say would be the commander of his army in place of Joab?	David said Amasa would be the commander of the army in place of Joab.
19:15	yyu3				Why did the men of Judah come to Gilgal?	The men of Judah came to Gilgal to meet the king and to bring him across the Jordan.
19:16-17	vymd				Who rushed to the Jordan to meet the king?	Shimei, with 1,000 men from Benjamin, and Ziba, with his 15 sons and 20 servants, rushed to the Jordan.
19:20	uk1r				Why did Shimei say he was the first from the house of Joseph to meet the king?	Shimei came first because he knew that he had sinned against the king.
19:23	gng0				What did the king say to Shimei after Abishai said Shimei should be put to death?	The king told Shimei that he would not die, and he swore an oath to him.
19:24	bour				How did Mephibosheth look when he came to meet the king?	Mephibosheth had not cared for his feet, trimmed his mustache, or washed his clothes from the day the king went away.
19:26	o1vb				What reason did Mephibosheth give for not going with the king?	Mephibosheth told the king that his servant, Ziba, had deceived him and left without him, and Mephibosheth could not follow him because he was crippled.
19:27	e7bn				What else did Mephibosheth say Ziba had done to him?	Mephibosheth said Ziba had lied about him to the king.
19:30	q5er				How did Mephibosheth reply when the king said he and Ziba should divide the field?	Mephibosheth told the king to let Ziba take the whole field, because all that mattered to him was that the king had returned safely.
19:32	plwc				What had Barzillai done for the king?	Barzillai had provided all of the food that the king and his soldiers needed while they were at Mahanaim.
19:34-35	qzvx				Why did Barzillai say he should not go to Jerusalem with the king?	Barzillai said he was too old, could no longer taste what he ate or drank, could not hear singers, and would be a burden to the king.
19:37	uqex				What did Barzillai request of the king?	Barzillai asked to return to his own city to die, but he asked the king to take his servant Chimham and do for him what was good in the king’s eyes.
19:40	d7lo				Who crossed over to Gilgal with the king?	Chimham, all the people of Judah, and also half the people of Israel crossed over to Gilgal with the king.
19:43	par2				Why did the men of Israel say they had more right to David than the men of Judah?	The men of Israel said they had more right to David because they represented ten tribes that were related to the king. The men of Judah represented only one tribe. Also, the people of Judah had started the rebellion against David.
19:43	qko0				Whose words were harsher, the men of Judah or the men of Israel?	The word of the men of Judah was harsher than the word of the men of Israel.
20:1	sykz				Why was Sheba called a man of wickedness?	He was called a man of wickedness because he blew a shofar and told the men of Israel to return home; he said David did not belong to them at all.
20:2	kfa7				How was the response of the men of Judah to Sheba different from the men of Israel?	The men of Judah clung to their king, but the men of Israel did what Sheba had said and returned to their homes.
20:3	ok0r				How did David’s relationship with his ten concubines change?	He put them in another residence where someone guarded them. They had to stay in that house until they died. David provided what they needed, but he never had sexual relations with them again.
20:4-5	dycp				What did the king tell Amasa to do?	The king told Amasa to call up the men of Judah within three days and to be there himself.
20:6-7	fj2z				How did David respond when Amasa was delayed?	David told Abishai to take the soldiers already here and go to capture him. If not, we will no longer know where his is going, and the delay would allow him and his soldiers to go into fortified cities.
20:9-10	az6d				What did Joab do when he greeted Amasa?	As Joab held Amasa’s beard with his right hand to kiss him, he struck him in the stomach with the sword in his left hand.
20:11-13	eawe				What did one of Joab’s men do after Joab stabbed Amasa?	He stood by Amasa and called for those who delighted in Joab and David to follow Joab, and then he removed Amasa’s body from the road into a field so the soldiers would not stop to look.
20:14-15	i6go				What did Joab and his men do when they found Sheba in Abel Beth Maacah?	They besieged him in the city built a dirt ramp up against the outer wall of the city to batter and collapse the city wall.
20:18-19	wf89				How did the wise woman describe the residents of her city of Abel to Joab?	She described the residents as peaceful and loyal Israelites.
20:19	g1bu				What did the woman ask Joab?	The woman asked Joab why he would try to destroy an Israelite community.
20:20-21	piej				What condition did Joab give the woman for withdrawing from the city?	Joab said that if they would give him Sheba, who is rebelling against King David, he would go away from the city.
20:21-22	tcim				How did the people of the city respond to Joab’s condition?	The woman came to the people in her wisdom, and they cut off the head of Sheba and threw it to Joab.
20:24	ye51				What was Adoniram’s responsibility?	Adoniram was over the forced labor.
21:1-2	ltss				Why was there a famine in the land for three years?	There was a famine because of the bloodguilt on Saul and his house. The Israelites had solemnly promised that they would not kill them, but Saul had tried to kill all of them because he wanted the people of Judah and Israel to be the only ones living in that land.
21:2-3	yatc				Why did King David want to make atonement to the Gibeonites?	David wanted to make atonement so that they ask Yahweh to do good things for us Israelites again.
21:4	q0cz				What did David agree to do to atone for the injustice done to the Gibeonites?	David agreed to do whatever the Gibeonites asked him to do.
21:5-6	quyl				What did the Gibeonites request from David to atone for Saul’s actions?	They requested that seven men from Saul’s sons be given to them so they could hang them before Yahweh at Gibeah.
21:7-9	a07y				How did David respond to the Gibeonites’ request?	David spared Mephibosheth but gave them the two sons of Rizpah and the five sons of Michal, and the Gibeonites hanged them on the hill.
21:10-11	hkek				What did Rizpah do to express her grief for her sons?	She did not allow any birds to come near the corpses during the day, and she did not allow any animals to come near them during the night from the time that people started to harvest barley until the autumn rains began.
21:12	ldgz				From whom did David take the bones of Saul and Jonathan?	David took the bones of Saul and Jonathan from the leaders of the city of Jabesh Gilead.
21:15-17	kjsg				How did Abishai rescue David when he was weary?	When David was weary, Abishai helped him by striking and killing the Philistine giant Ishbi Benob, who had intended to kill David.
21:17	wrtz				Why did David’s men insist that he no longer go into battle with them?	They said that if enemy soldiers killed him in battle, Israel would no longer have him as king to guide them.
21:20-22	gphm				Whom did David and his servants kill in Gath?	They killed four giants who were born to Rapha in Gath.
22:1-2	b1az				When did David sing the song that Yahweh was his rock?	David sang the song on the day Yahweh delivered him from the hand of all his enemies and from the hand of Saul.
22:4	ozpg				When David calls on Yahweh, what does he say that Yahweh does?	David says when he calls on Yahweh, he is saved from his enemies.
22:5-6	yvi0				What did David feel like when he was surrounded by his enemies?	David felt like the waves of death and the cords of Sheol surrounded him.
22:7	dsdg				How did David respond to his distressing circumstances?	In his distress, David called to Yahweh, and Yahweh heard his voice from his temple.
22:8-9	qc9d				What happened because God was angry?	The earth shook and trembled, smoke went up from his nose, and a stream of fire was flowing out from his mouth to burn up everything in its path,
22:10-12	r3zq				How did Yahweh come down from the heavens?	He lowered the heavens and came down, riding on a cherub and flying on the wings of the wind.
22:14-15	yee2				How did Yahweh scatter his enemies?	Yahweh thundered from the heavens, sent out arrows and flashes of lightning, and panicked them.
22:16	fpwz				How were the foundations of the world uncovered?	The foundations of the world were uncovered at the rebuke of Yahweh, from the blast of the breath of his nose.
22:17-18	z2pe				How did Yahweh rescue David from the strong enemy who hated him?	David said it was as if Yahweh reached down from heaven and grabbed him so that he could pull David up out of the deep water of the ocean.
22:19-21	o6xa				Why did Yahweh deliver David?	Yahweh delivered David because he delighted in him.
22:22-23	e8ym				How did David keep the ways of Yahweh?	David kept the ways of Yahweh and did not turn away from his statutes.
22:24-25	hml6				What happened because David was blameless and kept himself from iniquity?	Yahweh gave back to him according to his righteousness and his cleanness.
22:28-29	vn1p				What does Yahweh do to the proud?	Yahweh is aware of people who are arrogant, and he humiliates them.
22:31	ill4				What is Yahweh to everyone who takes refuge in him?	Yahweh is a shield to all who take refuge in him.
22:32-33	h3bi				Why did David say God was his rock and fortress?	David said God was his rock, the only real God, because God is where he can go to be safe. He said God was his fortress of strength because, to David, God is like a very secure place where he could go to hide from danger.
22:37	qymt				Why had David’s feet not slipped?	David says that God gave him many ways to respond to each situation, so that his enemies were not able to trap him.
22:43	p8nw				What did David do to his enemies when they looked for a savior?	David defeated them so completely that they were no longer any threat to him no more than tiny particles of dust would be.
22:44	smvq				What did Yahweh do for David?	Yahweh rescued David from the disputes of his people and kept him as the head of nations.
22:47-49	umlq				What did Yahweh do on behalf of David?	Yahweh enabled David to conquer enemies, protecting him from being captured by them. Yahweh kept David safe when people rebelled against him and rescued hm from men who tried to harm him.
22:50-51	ft2t				Why did David sing praises to the name of Yahweh?	David said he thanks Yahweh so that all people groups will know that Yahweh is the one who has helped him. He sings to praise Yahweh for the great things he has done, faithfully showing kindness to David and to his descendants in the future.
23:1-2	q22f				What are the last words of David said to be?	They are the oracle of David, the man raised to a high position, the anointed of the God of Jacob, and the one who wrote beautiful songs for the people of Israel.
23:3-4	ipeo				What did the God of Israel say to David?	The God of Israel said that a righteous one ruling over man in the fear of God is like the light of morning when the sun rises.
23:6-7	ohbv				Why will the wicked be like a thorn thrown away?	God will remove people who disrespect him, just as people throw away thorns that hurt their hands when they try to pick them up.
23:9-10	b35k				How did Eleazar defeat the Philistines?	When other Israelites retreated in fear, Eleazar arose and struck the Philistines until his hand cramped and he could not let go of his sword, Yahweh won a great victory for the Israelites on that day..
23:11-12	ya6w				What did Shammah defend against the Philistines?	When other Israelite soldiers ran away from the battle, Shammah stationed himself in the middle of the field full of ripe lentils and fought and killed the Philistines, who wanted to steal the lentils. And so Yahweh won a great victory for the Israelites.
23:15-16	f4zu				What did the three mighty warriors do when they heard David express his desire for water from the well of Bethlehem?	The three warriors broke through the camp of the Philistines, drew water from the well, and brought it to David.
23:16-17	owl0				Why did David refuse to drink the water from the well of Bethlehem?	David said it would not be right to drink it because he said that would be like drinking the blood of these men who were willing to die to get it for him.
23:18-19	bl7r				For what was Abishai known?	He once fought against 300 enemy soldiers and killed them all. As a result, he became famous like the three very greatest soldiers.
23:20-21	su69				How did Benaiah kill a huge Egyptian soldier?	Benaiah went down against the Egyptian with a staff, seized the spear from the Egyptian’s hand, and killed him with his own spear.
24:1-2	kvdy				What did David ask Joab to do?	David asked Joab to go through all the tribes of Israel and count the men who could fight as soldiers.
24:2-4	jaj4				Why was Joab reluctant to count the people?	Joab did not understand why David wanted to count the people, and he did not think it was a good idea to count how many soldiers they had.
24:8	can5				How long did it take for Joab to go throughout all the land and return to Jerusalem?	It took nine months and twenty days for Joab to go throughout all the land and return to Jerusalem.
24:9	mtzw				How many fighting men did Joab count?	They reported to David that there were 800,000 men in Israel and 500,000 men in Judah who were fit to serve as soldiers in the army.
24:10	zybk				Why did David feel very badly after he had counted the people?	David realized that he had committed a very serious sin, confessed it to Yahweh, and asked Yahweh to forgive him for his foolish act..
24:11-12	qaoh				What message did Yahweh give to David through the prophet Gad?	Yahweh told David that he must choose one of three punishments.
24:13	ftgg				What three choices of punishment did God give to David?	God offered a choice of seven years of famine, three months of fleeing from his enemies, or three days of plague in the land.
24:15-16	es6f				Why did not more than 70,000 people die in the plague?	Yahweh grieved about punishing any more people, and told the angel to lower his hand.
24:17	ew7m				What did David request of Yahweh when he saw the angel?	David said that he had sinned, and he asked that Yahweh’s hand be against him and his father’s house, not against the people.
24:18-20	ydnk				What did Gad the prophet tell David to do?	Gad told David to go up and set up an altar for Yahweh on the threshing floor of Araunah the Jebusite.
24:21	euq9				What was David’s purpose for going to Araunah?	David wanted to buy the threshing floor to build an altar for Yahweh so that he will stop the plague that has been killing so many Israelites.
24:24	a3br				Why did David insist on buying Araunah’s threshing floor for a price?	David insisted on buying it because he would not offer to Yahweh burnt offerings that cost him nothing.
24:25	yhle				How did David stop the plague in Israel?	David built an altar for Yahweh and he offered burnt offerings and peace offerings. Then Yahweh answered David’s prayers, and he ended the plague that had been killing so many Israelites.
