Reference	ID	Tags	Quote	Occurrence	Question	Response
1:1	xqex				Who wrote 2 Peter?	Simon Peter, a slave and apostle of Jesus Christ, wrote the letter or book we call 2 Peter.
1:1	xgzp				To whom did Peter write?	Peter wrote to those who had received the same precious faith.
1:3	b9f4				How were all the things of divine power for life and godliness given to Peter and the recipients of faith?	They were given to them through the knowledge of God.
1:3-4	wiwa				Why did God give Peter and the recipients of faith all the things of divine power for life and godliness, along with great and precious promises?	He did that so that they might be sharers in the divine nature.
1:5-7	r519				What were the recipients of faith ultimately supposed to gain through their faith?	They were ultimately supposed to gain love through their faith.
1:9	vu7s				What has the spiritually blind person forgotten?	He has forgotten the cleansing from his old sins.
1:10-11	isne				If the brothers did their best to make their calling and election sure, what would happen?	They would not stumble, and an entrance would be granted to them into the eternal kingdom of their Lord and Savior Jesus Christ.
1:12-14	lr25				Why did Peter think it was right for him to remind the brothers of these things?	Because their Lord Jesus Christ had shown him that he would soon remove his tent.
1:16-17	kdel				What did those who were eyewitnesses of Jesus’ majesty see?	They saw that he received honor and glory from God the Father.
1:19-21	joc2				How can we be certain that the prophetic word is sure?	Because written prophecy does not come from the reasoning of the prophet, nor any prophecy from the will of man, but by men carried along by the Holy Spirit who spoke from God.
2:1	oma7				What will false teachers secretly bring to the believers?	False teachers will bring destructive heresies to the believers.
2:1	eo34				What will come upon the false teachers?	False teachers will bring swift destruction upon themselves.
2:1-3	zr5b				What will false teachers do with deceptive words?	False teachers greedily make a profit off of the brothers.
2:4-6	zr3s				Who did God not spare?	God did not spare the angels who sinned, the ancient world, and the cities of Sodom and Gomorrah.
2:5	ihly				Who did God preserve in the Flood?	God preserved Noah with seven others.
2:9	z9hz				What did God show by not sparing some and preserving others?	God’s actions showed that the Lord knows how to rescue the godly men and how to keep the unrighteous men in custody.
2:10-11	l7wv				Who were the glorious ones the ungodly men were unafraid to blaspheme?	The glorious one were angels, who do not bring insulting judgments against men to the Lord.
2:14	csst				Who do the false teachers entice?	The false teachers entice unstable souls.
2:15-16	h6za				Who stopped the prophet Balaam’s insanity?	A mute donkey speaking in a human voice stopped Balaam.
2:19	j3g0				To what is a man a slave?	A man is a slave to whatever overcomes him.
2:20-21	n7ey				For those who escape the wickedness of the world through the knowledge of Jesus Christ and then return to them, what would be better?	What would be better is for them not to have known the way of righteousness.
3:1-2	w5dn				Why did Peter write this second letter?	He wrote so that the beloved might recall the words said before by the prophets and about the command of their Lord and Savior.
3:3-4	cvbi				What would mockers say in the last days?	Mockers would question the promise of Jesus’ return and say that all things remain the same since the beginning of creation.
3:5-7	zwwe				How were the heavens and earth established, and how were they being reserved for fire and for the day of judgment and the destruction of ungodly people?	They were established and reserved by the word of God.
3:9	kthc				Why was the Lord patient towards the beloved?	Because he desires that they not perish, but have time for all to repent.
3:10	hto3				How will the day of the Lord come?	The day of the Lord will come like a thief.
3:11-13	kxyz				Why did Peter ask the beloved what kind of people they should be in respect to holy living and godliness?	Because the heavens and earth would be destroyed, and because they expected righteousness to live in the new heavens and new earth.
3:15-16	ym7m				What will happen to ignorant and unknowledgeable men who distort the wisdom given to Paul and distort other Scriptures?	Their actions will result in their own destruction.
3:17-18	g1t2				Rather than being led astray by deceit and losing their own faithfulness, what did Peter command the beloved to do?	He commanded them to grow in the grace and knowledge of their Lord and Savior Jesus Christ.
