Reference	ID	Tags	Quote	Occurrence	Question	Response
1:1	r2gg				Into what country did the sons of Israel come with Jacob?	The sons of Israel came into Egypt with Jacob.
1:5	xbyk				How many descendants of Jacob were there?	All of the descendants of Jacob were 70 in number.
1:8	vxqq				Who did not care for the memory of Joseph?	A new king arose over Egypt, who did not care for the memory of Joseph.
1:8	wagv				What did the king of the Egyptians think would happen if they did not deal wisely with the Israelites?	The king of the Egyptians was afraid that the Israelites would continue to multiply, and if war would break out, they would join the Egyptians’ enemies, fight against them, and leave the land.
1:11	s0rg				How did the taskmasters oppress the Israelites?	The taskmasters oppressed the Israelites with hard labor.
1:12	e3ku				What happened the more the Egyptians oppressed the Israelites?	The more the Egyptians oppressed the Israelites, the more the Israelites increased in number and spread.
1:16	m8ha				What did the king of Egypt tell the midwives to do if the baby was a male?	The king of Egypt told them that if the baby was male, then they must kill him.
1:17	tzxq				Why did the midwives not do as the king of Egypt ordered them?	The midwives feared God and so they did not do as the king of Egypt ordered them.
1:19	oxp0				How did the midwives say the Hebrew women were not like the Egyptian women?	They said Hebrew women were vigorous and finished giving birth before a midwife came to them.
1:22	sse2				What did Pharaoh order all his people to do to the male Hebrew babies?	Pharaoh ordered all his people to throw every male Hebrew that is born into the river.
2:2	dc4k				For how long did the woman of Levi hide her son?	The woman of Levi hid her son for three months.
2:3	b58k				With what did the woman of Levi seal the papyrus basket?	She sealed the papyrus basket with bitumen and pitch.
2:4	vo29				Why did the baby’s sister stand at a distance?	The baby’s sister stood at a distance to see what would happen to him.
2:5	uwbd				What did Pharaoh’s daughter come to do while her attendants walked along by the riverside?	Pharaoh’s daughter came down to bathe at the river while her attendants walked along by the riverside.
2:7-8	c3mv				Who did the young girl find to nurse the child for Pharaoh’s daughter?	The young girl went and got the child’s mother to nurse the child for Pharaoh’s daughter.
2:10	afnh				Who named the child Moses?	Pharaoh’s daughter named the child Moses.
2:12	espm				Where did Moses hide the body of the Egyptian whom he killed?	Moses killed the Egyptian and hid his body in the sand.
2:13	kqsm				When two Hebrew men were fighting, whom did Moses ask, “Why are you hitting your companion?”	When two Hebrew men were fighting, Moses said to the one who was in the wrong, “Why are you hitting your companion?”
2:15	o04w				Why did Pharaoh not kill Moses?	Pharaoh tried to kill Moses, but Moses fled from Pharaoh and stayed in the land of Midian.
2:17	hu5y				Who tried to drive away the daughters of the priest of Midian?	Some shepherds came and tried to drive away the daughters of the priest of Midian.
2:24	s7bn				When did God call to mind his covenant with Abraham, with Isaac, and with Jacob?	When God heard the Israelites groaning, God called to mind his covenant with Abraham, with Isaac, and with Jacob.
3:1	iir7				Who was Moses’ father-in-law?	Jethro, the priest of Midian, was Moses’ father-in-law
3:2	ylfy				How did the angel of the Lord appear to Moses?	The angel of Yahweh appeared to Moses in a flame of fire in a bush.
3:4	wayx				Who called to Moses out of the bush?	God called to Moses out of the bush
3:5	y5h3				Why did God tell Moses to take off his shoes from his feet?	God said, “Do not come any closer! Take off your shoes from your feet, for the place where you are standing is ground consecrated for my own purpose.”
3:8	ov8u				Why did Yahweh come down?	Yahweh came down to free the Israelites from the Egyptians’ power and to bring them up from that land to a good, large land, to a land flowing with milk and honey.
3:10	eoyb				Why did Yahweh send Moses to Pharaoh?	Yahweh sent Moses to Pharaoh so that Moses would bring Yahweh’s people, the Israelites, out of Egypt.
3:12	dtdf				What would be a sign to Moses that Yahweh was sending him?	The sign to Moses that Yahweh was sending him would be that when Moses had brought the people out of Egypt, he would worship Yahweh on this mountain.
3:14	bdxs				When the Israelites would ask Moses what God’s name is, what should he say to them?	When the Israelites would ask Moses what God’s name is, he should say, “I AM THAT I AM.”
3:18	o690				How long will the Israelites go into the wilderness in order that they may sacrifice to Yahweh, their God?	The Israelites will go three days’ journey into the wilderness in order that they might sacrifice to Yahweh, their God.
3:19	zo4m				The king of Egypt would not let the Israelites go unless what happens?	The king of Egypt would not let the Israelites go unless his hand would be forced.
4:2	hbds				What was in Moses’ hand?	A staff was in Moses’ hand.
4:4	ns41				What did Moses’ staff become when he threw it on the ground?	Moses’ staff became a snake when he threw it on the ground.
4:4	jiwf				By what should Moses take hold of the snake?	Moses should take the snake by the tail.
4:6	g6p2				When Moses first brought his hand out from inside his robe, what happened?	When Moses first brought his hand out from inside his robe, it was leprous.
4:12	qsjr				Who will be Moses’ mouth and teach him what to say?	Yahweh will be Moses’ mouth and teach him what to say.
4:14	p6cg				When Aaron sees Moses, how will he feel?	When Aaron sees Moses, he will be glad in his heart.
4:16	f5at				Like whom will Moses be to Aaron?	Moses will be like God to Aaron.
4:19	p38r				Why can Moses return to Egypt?	Moses can return to Egypt, for all the men who were trying to take his life are dead.
4:21	jdaq				Why will Yahweh harden Pharaoh’s heart?	Yahweh will harden Pharaoh’s heart so that Pharaoh will not let the people go.
4:22-23	sb7c				Since Pharaoh has refused to let Yahweh’s firstborn son go, what will Yahweh do to Pharaoh’s firstborn son?	Since Pharaoh has refused to let Yahweh’s firstborn son go, Yahweh will certainly kill Pharaoh’s firstborn son.
4:24	k4i2				When they stopped for the night, what did Yahweh try to do to Moses?	When they stopped for the night, Yahweh met Moses and tried to kill him.
4:27	llfo				Where did Aaron meet Moses?	Aaron met Moses at the mountain of God.
4:30	ahf0				Who displayed the signs of Yahweh’s power in the sight of the people?	Aaron displayed the signs of Yahweh’s power in the sight of the people.
5:1	hfeb				Why should Pharaoh let Yahweh’s people go?	They should let Yahweh’s people go so they can have a festival for him in the wilderness.
5:3	n0i8				Why should the Israelites go on a three-day journey into the wilderness and sacrifice to Yahweh their God?	The Israelites should go on a three-day journey into the wilderness and sacrifice to Yahweh their God so that he does not attack them with plague or with the sword.
5:6-7	ljrf				To whom did Pharaoh give a command to no longer give the Israelites straw to make bricks?	Pharaoh gave a command to the people’s taskmasters and foremen to no longer give the Israelites straw to make bricks.
5:11	n9mq				Although the Israelites must go and get straw wherever they can find it, what will not be reduced?	Although the Israelites must go and get straw wherever they can find it, their workload will not be reduced.
5:14	ek4y				Whom did Pharaoh’s taskmasters beat?	Pharaoh’s taskmasters beat the Israelite foremen, those same men whom they had put in charge of the workers.
5:15-16	q12s				Whose fault was it that the Israelite foremen were beaten?	It was the fault of Pharaoh’s own people that the Israelite foremen were beaten.
5:20	aaqg				Where were Moses and Aaron as they went away from Pharaoh?	Moses and Aaron were standing outside the palace as they went away from Pharaoh.
5:22	laa1				Who did Moses say caused trouble for the people of Israel?	Moses said the Lord caused trouble for the people of Israel.
6:1	mxuf				Why will Pharaoh let the people of Israel go?	Pharoah will let the people of Israel go because of Yahweh’s strong hand.
6:2	fpwg				How did Yahweh appear to Abraham, to Isaac, and to Jacob?	Yahweh appeared to Abraham, to Isaac, and to Jacob as God Almighty.
6:5	f4jz				What has Yahweh heard, and what has he called to mind?	Yahweh has heard the groaning of the Israelites whom the Egyptians have enslaved, and he has called to mind his covenant.
6:8	e8sr				What will Yahweh give to the Israelites as a possession?	Yahweh will give the land that he swore to give to Abraham, to Isaac, and to Jacob to the Israelites as a possession.
6:12	iq9a				Why does Moses think Pharaoh will not listen to him?	Moses thinks Pharaoh will not listen to him because he is not good at speaking.
6:18	ldlz				How long did Kohath live?	Kohath lived until he was 133 years old
6:20	w2r9				Whom did Amram marry?	Amram married Jochebed, his father’s sister.
6:23	lmuh				Who bore Nadab and Abihu?	Elisheba bore Nadab and Abihu.
6:26	tkcg				How should Aaron and Moses bring out the Israelites from the land of Egypt?	Aaron and Moses should bring out the Israelites from the land of Egypt by their groups of fighting men.
7:1	ry37				What has Yahweh made Moses like to Pharaoh?	Yahweh has made Moses like a god to Pharaoh.
7:3	rma9				What will Yahweh do to Pharaoh’s heart?	Yahweh will harden Pharaoh’s heart.
7:5	rt3t				When will the Egyptians know who Yahweh is?	The Egyptians will know who Yahweh is when he reaches out with his hand on Egypt and brings out the Israelites from among them.
7:9	a1y0				What will Moses’ staff become?	Moses’ staff will become a snake.
7:11	o4ry				How did the staffs of Pharaoh’s wise men and sorcerers become snakes?	The staffs of Pharaoh’s wise men and sorcerers became snakes by their magic.
7:15	btfn				Where should Moses stand to meet Pharaoh?	Moses should stand on the riverbank to meet Pharaoh.
7:17	kgjy				To what will the river be turned?	The river will be turned to blood.
7:19	z3sg				What water will turn to blood?	The Egyptians’ rivers, streams, pools and all their ponds and even the water in containers of wood and stone will be turned to blood.
7:22	hn95				What happened to Pharaoh’s heart?	Pharaoh’s heart was hardened.
7:24	ic47				How did the Egyptians try to get water to drink?	The Egyptians dug around the river for water to drink.
8:2	dh0d				What would Yahweh do if Pharaoh refused to let Yahweh’s people go?	If Pharaoh refused to let Yahweh’s people go, Yahweh would afflict all Pharaoh’s country with frogs.
8:3	rfis				Where will the frogs from the river go?	The frogs will come up and go into Egyptians’ houses, bedrooms, and beds. They will go into their servants’ houses. They will go onto the people, into their ovens, and into their kneading bowls.
8:6	s9zk				Where did Aaron reach out with his hand?	Aaron reached out with his hand over Egypt’s waters.
8:9	phof				What privilege did Moses give Pharaoh?	Moses gave Pharaoh the privilege of telling him when he should pray for Pharaoh, his servants, and his people so that the frogs may be removed from them and their houses and stay only in the river.
8:15	dcfb				What did Pharoah do after he saw that there was relief from the frogs?	When Pharaoh saw that there was relief from the frogs, he hardened his heart and did not listen to Moses and Aaron.
8:17	yqn3				What did the dust on the ground become?	All the dust on the ground became gnats throughout the whole land of Egypt.
8:18	ih39				What happened when the magicians tried with their magic to produce lice?	The magicians were not able to produce lice.
8:21	akkk				What will be full of flies?	The Egyptians’ houses will be full of swarms of flies, and even the ground on which they stand will be full of flies.
8:22	z7gr				Why will there be no flies in Goshen?	Yahweh would treat the land of Goshen differently, so that no swarms of flies would be there. This would happen so that Pharaoh would know that Yahweh is in the midst of this land.
8:25-26	udk8				Why do the Israelites not sacrifice in Egypt?	The sacrifices the Israelites make to Yahweh their God are something disgusting to the Egyptians.
8:32	o8m9				Who hardened Pharaoh’s heart after the flies left?	Pharaoh hardened his heart this time also.
9:3	brz2				On what will Yahweh’s hand be?	Yahweh’s hand will be on the Egyptians’ cattle in the fields and on the horses, donkeys, camels, herds, and flocks.
9:7	pl4a				Even after the cattle died, why did Pharaoh not let the people of Israel go?	Pharaoh’s heart was stubborn, so he did not let the people go.
9:8-9	xj5y				What will become fine dust over all the land of Egypt?	Ashes from a furnace will become fine dust over all the land of Egypt.
9:11	drim				Why could the magicians not resist Moses?	The magicians could not resist Moses because of the blisters.
9:15-16	vwio				Why did Yahweh not reach out with his hand and attack Pharaoh and his people with disease and eradicate them from the land?	Yahweh did not attack Pharaoh and his people in order to show them His power, so that His name may be spread throughout all the earth.
9:19	tj1a				What warning did Yahweh give about the hail?	Yahweh said that every man and animal that is in the field and is not brought home—the hail will come down on them, and they will die.
9:20	nw4l				Who brought their slaves and cattle into their houses?	Those of Pharaoh’s servants who believed in Yahweh’s message hurried to bring their slaves and cattle into the houses.
9:25	sjl5				Throughout all the land of Egypt, what did the hail strike?	Throughout all the land of Egypt, the hail struck everything in the fields, both people and animals. It struck every plant in the fields and broke every tree.
9:27	dl7y				During the hail, what did Pharaoh admit?	He said he has sinned this time. He said that Yahweh is righteous, and that he and his people are wicked.
9:32	imsx				What plants were not harmed by the hail? Why?	The wheat and the spelt were not harmed, because they were later crops.
10:1-2	dvpa				Why did Yahweh harden the hearts of Pharaoh and his servants?	Yahweh hardened the hearts of Pharaoh and his servants to show these signs of his power among them. He also did this so that the Israelites might tell their children and grandchildren the things he has done.
10:5	uito				What insect will cover the surface of the ground so that no one will be able to see the earth?	Locusts will cover the surface of the ground so that no one will be able to see the earth.
10:9-11	r1cn				What did Pharaoh say when Moses told him the Israelites will go with their young and with their old, with their sons and their daughters?	Pharaoh said, “No! Go, just the men among you.”
10:13	eqio				What brought the locusts?	The east wind brought the locusts.
10:16	sjsa				What did Pharaoh say he has done against Yahweh?	Pharaoh said he has sinned against Yahweh, Moses’ God.
10:19	z4r7				How many locusts remained in all the territory of Egypt after Yahweh brought a very strong west wind?	Not a single locust remained in all the territory of Egypt after Yahweh brought a very strong west wind.
10:22	amf9				What happened to the Egyptians during the three days of darkness?	During the three days of darkness, no one could see anyone else; no one left his home for three days.
10:24	y0vm				After the darkness, what did Pharaoh say must remain behind when the Israelites go to worship Yahweh?	Pharaoh said the flocks and herds must remain behind when the Israelites go to worship Yahweh.
10:28	f0cg				What did Pharaoh say would happen to Moses if Moses would see Pharaoh's face again?	Pharaoh said that on the day Moses would see his face, Moses would die.
11:1-2	wxgb				For what should every Israelite man and woman ask of his or her neighbor after the final plague?	Every Israelite man and woman should ask of his or her neighbor for jewels of silver and jewels of gold after the final plague.
11:3	uty1				In the sight of whom was Moses very impressive?	Moses was very impressive in the sight of Pharaoh’s servants and the people of Egypt.
11:5	xa6z				Which of the firstborn would die?	All the firstborn in the land of Egypt would die, from the firstborn of Pharaoh, who sits on his throne, to the firstborn of the slave girl who is behind the mill, and to all the firstborn of the animals.
11:6	i1t3				When has there been such a great cry throughout all the land of Egypt like the one caused by the last plague?	There has never been such a great cry, nor ever will there be again.
12:3	gtgb				What must each Israelite family do on the tenth day of this first month?	On the tenth day of this month each family must take a lamb or young goat for themselves.
12:4	t8r8				If the household is too small for a lamb, what should they do?	If the household is too small for a lamb, the man and his next door neighbor are to share a lamb or young goat so that the meat will be enough for the number of the people.
12:6	w9cr				When must the whole assembly of Israel kill these animals?	The whole assembly of Israel must kill these animals at twilight on the fourteenth day of this month.
12:8	ym84				With what must the Israelites eat the lamb or goat?	They must eat it with bread made without yeast, along with bitter herbs.
12:10	n142				What must the Israelites do if any of the lamb is left over?	They must not let any of it be left over until morning. They must burn whatever is left over in the morning.
12:13	b8u4				What will happen when Yahweh sees the blood on the houses?	When Yahweh sees the blood, he will pass over them, and the plague will not be on them.
12:15	t35u				What must happen to whoever eats leavened bread from the first day until the seventh day?	Whoever eats leavened bread from the first day until the seventh day, that person must be cut off from Israel.
12:16	mvij				What is the only work the Israelites can do during the seven days of unleavened bread?	No work will be done on these days except the cooking for everyone to eat.
12:18	r5cg				When must the Israelites eat unleavened bread?	The Israelites must eat unleavened bread from twilight of the fourteenth day in the first month of the year until twilight of the twenty-first day of the month.
12:22	niz8				Where should the Israelites apply the blood in the basin?	The Israelites should apply the blood in the basin to the top of the door frame and the two doorposts.
12:23	c9xb				When will Yahweh pass over someone’s door?	Yahweh will pass over someone’s door when he sees the blood on the top of the doorframe and on the two doorposts.
12:26-27	cswy				What were the Israelites to say to their children when their children asked them why they were doing that serice?	The Israelites were tell their children that their service was a sacrifice of Yahweh’s Passover, because Yahweh passed over the Israelites’ houses in Egypt when he attacked the Egyptians and rescued their households.
12:30	yafb				Why was there was a great outcry in Egypt?	There was a great outcry in Egypt, for there was not a house where there was not someone dead.
12:35	kz1g				For what did the Israelites ask the Egyptians?	The Israelites asked the Egyptians for jewels of silver, jewels of gold, and clothing.
12:39	u7uu				Why was the bread without yeast?	The bread was without yeast because the Israelites had been driven out of Egypt and could not delay to prepare food.
12:41	neef				How long had the Israelites been in Egypt?	They had been in Egypt 430 years.
12:43	bgck				Who may not share in eating the Passover?	No foreigner may share in eating the Passover.
12:48	vn5h				If a foreigner lives with the Israelites and wants to observe the Passover for Yahweh, what must all his male relatives do?	If a foreigner lives with the Israelites and wants to observe the Passover for Yahweh, all his male relatives must be circumcised.
13:1-2	ndkg				To whom were the firstborn to be set apart?	The firstborn were to be set apart to Yahweh.
13:4	be38				In what month did the Israelites go out of Egypt?	The Israelites went out of Egypt in the month of Aviv.
13:9	mk7g				Why will this rescue become reminders for the Israelites on their hands and reminders on their forehead?	This rescue will become reminders for the Israelites on their hands and reminders on their forehead so that Yahweh’s law may be in their speech.
13:13	ps23				With what must the Israelites buy back every firstborn donkey?	Every firstborn donkey the Israelites must buy back with a lamb.
13:17	mt2e				Why did God not lead the Israelites by way of the land of the Philistines?	God did not lead them by way of the land of the Philistines, for God said, “Perhaps the people will change their minds when they experience war and will then return to Egypt.”
13:19	vqzd				What had Joseph made the Israelites solemnly swear?	Joseph had made the Israelites solemnly swear, “You must carry away my bones with you”.
13:21	rqfm				How did Yahweh go before the Israelites by night? Why?	By night he went in a pillar of fire to give them light. In this way they could travel by day and by night.
14:5	g8bu				When the king of Egypt was told that the Israelites had fled, what happened to the minds of Pharaoh and his servants?	When the king of Egypt was told that the Israelites had fled, the minds of Pharaoh and his servants turned against the Israelites.
14:9	cjzq				Where did the Egyptians overtake the Israelites?	The Egyptians overtook the Israelites camping by the sea above Pi Hahiroth, before Baal Zephon.
14:12	kpdx				What did the Israelites say would have been better than to die in the wilderness?	They said it would have been better for them to work for the Egyptians than to die in the wilderness.
14:14	bp0p				Because Yahweh will fight for the Israelites, what will they have to do?	Yahweh will fight for the Israelites, and they will only have to be quiet.
14:17	qwrk				Why will the Egyptians go after the Israelites into the sea?	Yahweh will harden the Egyptians’ hearts so they will go after the Israelites.
14:20	zb7f				How did the cloud hinder the Egyptians but help the Israelites?	The cloud was a dark cloud to the Egyptians, but it lit the night for the Israelites, so one side did not come near the other all night.
14:21	puyl				For how long did Yahweh drive the sea back by a strong east wind?	Yahweh drove the sea back by a strong east wind all that night.
14:24	tpkv				When did Yahweh look down on the Egyptian army through the pillar of fire and cloud?	In the early morning hours, Yahweh looked down on the Egyptian army through the pillar of fire and cloud.
14:28	o7cg				How many soldiers of Pharaoh’s army survived crossing the sea?	Not one of Pharaoh's soldiers survived crossing the sea.
14:31	ezvq				What did Israel do when they saw the great power that Yahweh used against the Egyptians?	When Israel saw the great power that Yahweh used against the Egyptians, the people honored Yahweh, and they trusted in Yahweh and in his servant Moses.
15:1	i1tj				Whom has Yahweh thrown into the sea?	Yahweh has thrown the horse and its rider into the sea.
15:5	em27				How did the Egyptians go down into the depths?	They went down into the depths like a stone.
15:8	musk				How were the waters piled up?	By the breath of Yahweh’s nostrils the waters were piled up.
15:13	ci8q				In what has Yahweh led the people he rescued?	In his covenant faithfulness, Yahweh has led the people he has rescued. In his strength he has led them to the holy place where he lives.
15:14	yn7h				What will the people do when they hear of Yahweh rescuing the Israelites?	The peoples will hear, and they will tremble.
15:17	bha7				Where will Yahweh bring the Israelites?	Yahweh will bring the Israelites and plant them on the mountain of his inheritance, the place Yahweh has made to live in.
15:20	x36u				Who played tambourines?	Miriam the prophetess and all the women played tambourines.
15:23	isqd				Why could the Israelites not drink the water at Marah?	The Israelites could not drink the water at Marah because it was bitter.
15:25	j29t				How did the bitter water at Marah become sweet?	Yahweh showed Moses a tree. Moses threw it into the water, and the water became sweet to drink.
16:1	t9r1				Where is the Wilderness of Sin?	The Wilderness of Sin is between Elim and Sinai.
16:3	s98t				According to the Israelites, why did Moses bring them out into the wilderness?	They said Moses brought them out into this wilderness to kill their whole community with hunger.
16:4	iie7				Why will the people go out and gather a day’s portion every day?	The people will go out and gather a day’s portion every day so that Yahweh may test them to see whether or not they will walk in his law.
16:8	e94i				How will the Israelites know Yahweh has brought them out from the land of Egypt?	The Israelites will know Yahweh has brought them out from the land of Egypt when Yahweh gives them meat in the evening and bread in the morning to the full.
16:10	p78g				What appeared in the cloud?	Yahweh’s glory appeared in the cloud.
16:14-15	rdid				What size was the bread that Yahweh has given the Israelites to eat?	The bread that Yahweh has given the Israelites to eat was small flakes as thin as frost.
16:18	vxca				When the Israelites measured the bread from Yahweh, how much did each person have?	When they measured it with an omer measure, those who had gathered much had nothing over, and those who had gathered little had no lack. Each person gathered enough to meet their need.
16:20	cnsz				What happened to the bread from Yahweh that some of the Israelites left until morning?	The bread from Yahweh that some of the Israelites left until morning bred worms and became foul.
16:22	k3xx				How much bread did the Israelites gather on the sixth day?	On the sixth day they gathered twice as much bread, two omers for each person.
16:24	l4yt				What happened to the bread of Yahweh that was set aside until the seventh day?	The bread of Yahweh that was set aside until the seventh day did not become foul, nor was there any worm in it.
16:27	iin7				How much manna did the Israelites find on the seventh day?	When some of the people went out to gather manna on the seventh day, they found none.
16:29	on2x				What must each of the Israelites do on the seventh day?	Each of them must stay in his own place; no one must go out from his place on the seventh day.
16:31	fa0s				What was manna?	Manna was food that was white like coriander seed, and its taste was like wafers with honey.
16:32	r5rn				Why will an omer of manna be kept?	An omer of manna will be kept throughout the people’s generations so that their descendants might see the bread with which Yahweh fed them in the wilderness.
16:33-34	sygd				Where will an omer of manna be kept?	An omer of manna will be kept in a pot and stored beside the covenant decrees inside the ark.
16:35	w9zu				For how long did the people of Israel eat manna?	The people of Israel ate manna forty years, until they came to inhabited land.
17:1-3	crh3				Why did the people blame Moses for their situation?	There was no water for the people to drink, so the people blamed Moses for their situation and murmured against him.
17:4	j0dj				What was Moses afraid the people would do to him?	Moses was afraid that the Israelites were ready to stone him.
17:6	kyyo				What did Yahweh tell Moses to do to provide water for the people to drink?	Yahweh told Moses to strike the rock with his staff. Water would come out of the rock for the people to drink.
17:9	mffm				Where did Moses stand when the Amalek people attacked Israel?	Moses stood on top of the hill with the staff of God in his hand.
17:11	jeex				What happened while Moses was holding his hands up and when he let his hands rest?	While Moses was holding his hands up, Israel was winning. When he let his hands rest, Amalek would begin to win.
17:12	iud3				How did Aaron and Hur help Moses hold his hands up?	Aaron and Hur took a stone and put it under him for him to sit on. At the same time, Aaron and Hur held his hands up, one person on one side of him and the other person on the other side.
17:14	lwpl				Why did Yahweh tell Moses to write about the battle against the Amalek?	Yahweh told Moses to write about the battle in a book, because Yahweh will completely blot out the memory of Amalek from under the skies.
18:1	exy6				Who was Jethro?	Jethro was the priest of Midian, Moses’ father-in-law.
18:2-4	dg4r				What were the names of the two sons of Moses?	The sons of Moses were Gershom and Eliezer.
18:6	yd0f				Where was Moses when Jethro brought his wife and sons?	Moses was camped in the wilderness at the mountain of God when Jethro brought Moses’ sons and his wife to him.
18:7	j4iv				How did Moses greet his father-in-law?	He bowed down and kissed him.
18:9	wokw				Over what did Jethro rejoice?	Jethro rejoiced over all the good that Yahweh had done for Israel in that he had rescued them from the Egyptians’ power.
18:11	qilq				How did Jethro know that Yahweh was greater than all the gods?	Jethro knew that Yahweh was greater than all the gods because when the Egyptians treated the Israelites arrogantly, God rescued his people.
18:12	t2dg				Who ate the meal before God?	Aaron and all the elders of Israel came to eat a meal before God with Moses’ father-in-law.
18:13	cvgl				How long did the people stand around Moses as he sat down to judge the people?	The people stood around Moses from morning until evening.
18:15-16	ixct				Why did the people come to Moses?	When they had a dispute, the people came to Moses to ask for God’s direction.
18:17-18	arhx				Why did Jethro say that what Moses was doing was not good?	Jethro said that what Moses was doing was not very good because he would certainly wear himself out; the many people who came to him were a burden too heavy for him to carry alone.
18:21	walh				What kind of men did Jethro tell Moses to choose to put over the people?	Jethro told Moses to choose capable men from all the people, men who honor God, men of truth who hate unjust gain.
18:22	byhh				What cases would the capable men judge?	The capable men would judge the people in all routine cases, but the difficult cases they would bring to Moses. As for all the small cases, they could judge those themselves.
19:1	c763				When did the people of Israel come to the wilderness of Sinai?	In the third month after the people of Israel had gone out from the land of Egypt, on the same day, they came to the wilderness of Sinai.
19:5	tak7				What must the Israelites do if they want to be Yahweh’s special possesssion?	The Israelites must obediently listen to Yahweh’s voice and keep his covenant, then they would be his special possession from among all peoples.
19:9	u836				Why did Yahweh come to the people in a thick cloud?	Yahweh came to them in a thick cloud so that the people might hear when he spoke with them and might also believe Moses forever.
19:10	ypcq				How were the people to consecrate themselves?	They were to consecrate themselves by preparing for Yahweh’s coming and by washing their garments.
19:12	lmrf				What would happen to anyone who touched the mountain?	Whoever touched the mountain would surely be put to death.
19:13	g0x7				How were the people to put to death anyone who touched the mountain?	They were to stone or shoot the person who touched the mountain.
19:16	re0y				Why did the people tremble?	There were thunder and lightning bolts and a thick cloud on the mountain and the sound of a very loud trumpet, so all the people in the camp trembled.
19:22	o37u				What should the priests do so Yahweh would not attack them?	The priests who come near to Yahweh should set themselves apart—prepare themselves for Yahweh’s coming—so that Yahweh would not attack them.
19:24	n4g2				Who could come up the mountain with Moses?	Only Aaron could come up the mountain with Moses.
20:3	fm4s				What must the Israelites not have before Yahweh?	They must have no other gods before him.
20:4-5	pljy				Why must the Israelites not make carved figures or bow down to them?	The Israelites must not make carved figures or bow down to them because Yahweh is a jealous God.
20:5	npd3				For how long does Yahweh punish the ancestors’ wickedness?	Yahweh punishes the ancestors’ wickedness by bringing punishment on their descendants to the third and the fourth generation of those who hate him.
20:7	o2ui				Whose name must the Isralites not take in vain?	They must not take the name of Yahweh their God in vain.
20:8	amc2				Why must the Israelites keep the Sabbath day holy and rest on it?	The Israelites must keep the Sabbath day holy and rest on it because Yahweh told them to set it apart for him.
20:10	otrz				Who should keep the Sabbath day holy and rest on it?	The Israelites must not do any work, they, nor their son, nor their daughter, nor their male servant, nor their female servant, nor their cattle, nor the foreigner who is within their gates.
20:11	p56v				Why must the Israelites keep the Sabbath day holy and rest on it?	The Israelites must keep the Sabbath day holy and rest on it, for in six days Yahweh made the heavens, earth, and sea, and everything that is in them, and then rested on the seventh day.
20:12	l0nl				What is the result of the Israelites’ honoring their father and mother?	The Israelites must honor their father and your mother so that they might live a long time in the land which Yahweh their God was giving them.
20:18	l1dy				Why did the people tremble?	All the people saw the thundering and the lightning and heard the voice of the trumpet and saw the mountain smoking. When the people saw it, they trembled and stood far off.
20:19	v3kk				What did the Israelites think would happen if God spoke to them?	They thought that if God spoke to them, they would die.
20:25	bvb0				What would have happened if the Israelites used their tools on the stone altar?	If they used their tools on the stone altar, they would defile it.
21:1	zle3				Who must set the decrees before the Israelites?	Moses must set the decrees before the Israelites.
21:4	e111				If a master gave a servant a wife and she bore him sons or daughters, what would happen to them if the servant went free?	If a master gave a servant a wife and she bore him sons or daughters, the wife and her children would belong to her master, and he must go free by himself
21:6	r0ay				If the servant would not go free, what would happen?	If the servant would not go free, the master must bring him to a door or doorpost, and his master must bore his ear through with an awl. Then the servant would serve him for the rest of his life.
21:8	p3xj				To whom can a master not sell a female servant?	A master has no right to sell a female servant to a foreign people.
21:9-11	lljg				When can a female servant go free without paying money?	If a master’s son marries a female servant and then takes another wife for himself, he can not diminish her food, clothing, or her marital rights. But if he does not provide these three things for her, then she can go free without paying any money.
21:13	qdon				What did Yahweh provide for a man who killed someone by accident?	If the man killed someone by accident, Yahweh would appoint a place where he could flee.
21:17	hhfo				What must happen to whoever acts contemptuously toward his father or his mother?	Whoever acts contemptuously toward his father or his mother must surely be put to death.
21:18-19	mwx0				If men fight and one hits the other with a stone or with his fist and the other is confined to his bed, what must the man who struck him do?	If men fight and one hits the other with a stone or with his fist and the other is confined to his bed, the man who struck him must pay for the loss of his time.
21:20-21	kksd				If a man hits his male servant or his female servant with a staff, and if the servant lives for a day or two, how will the master be punished?	If a man hits his male servant or his female servant with a staff, and if the servant lives for a day or two, the master must not be punished, for he will have suffered the loss of the servant..
21:22	fj5h				If men fight together and hurt a pregnant woman so that she miscarries, but there is no other injury to her, what must happen to the guilty man?	If men fight together and hurt a pregnant woman so that she miscarries, but there is no other injury to her, then the guilty man must surely be fined if the woman’s husband demands it from him, and he must pay as the judges determine.
21:23-25	ux4z				What must the guilty man give if there is serious injury?	If there is serious injury, then the guilty man must give a life for a life, an eye for an eye, a tooth for a tooth, a hand for a hand, a foot for a foot, a burn for a burn, a wound for a wound, or a bruise for a bruise.
21:26-27	olyy				If a man hits the eye of his male servant or of his female servant and destroys it or if he knocks out a tooth of his male servant or female servant, what is the compensation?	If a man hits the eye of his male servant or of his female servant and destroys it or if he knocks out a tooth of his male servant or female servant, he must let the servant go free as compensation for the tooth.
21:29	lmbo				If an ox had a habit of goring in the past, and its owner was warned but did not keep it in, and the ox kills a man or a woman, what must happen to the ox and its owner?	If an ox had a habit of goring in the past, and its owner was warned but did not keep it in, and the ox kills a man or a woman, that ox must be stoned, and its owner also must be put to death.
21:33-34	iq91				If a man opens a pit, or if a man digs a pit and does not cover it, and an ox or a donkey falls into it, what must the owner of the pit do?	If a man opens a pit, or if a man digs a pit and does not cover it, and an ox or a donkey falls into it, the owner of the pit must repay the loss.
21:35	lcrj				If one man’s ox hurts another man’s ox so that it dies, what must happen to the oxen?	If one man’s ox hurts another man’s ox so that it dies, then they must sell the live ox and divide its price, and they must also divide the dead ox.
22:2-3	vuk1				If someone kills a thief after the sun has risen, who is guilty?	If the sun has risen before a thief breaks in, guilt for murder will attach to the person who kills him.
22:3	c6gu				If a thief has nothing, what is his restitution?	If a thief has nothing, then he must be sold for his theft.
22:7-8	am3j				If a man gives money or goods to his neighbor for safe keeping, and if it is stolen out of the man’s house, but the thief is not found, what will happen?	If a man gives money or goods to his neighbor for safe keeping, and if it is stolen out of the man’s house, if the thief is found, that thief must pay double. But if the thief is not found, then the owner of the house must come before the judges to see whether he has put his own hand on his neighbor’s property.
22:10-11	cdaa				If a man gives his neighbor a donkey, an ox, a sheep, or any animal to keep, and if it dies or is hurt or is carried away without anyone seeing it, what is the restitution?	If a man gives his neighbor a donkey, an ox, a sheep, or any animal to keep, and if it dies or is hurt or is carried away without anyone seeing it, the other will make no restitution.
22:16	gjay				If a man seduces a virgin who is not engaged, and if he sleeps with her, how must he make her his wife?	If a man seduces a virgin who is not engaged, and if he sleeps with her, he must surely make her his wife by paying the bride wealth required for this.
22:21	l7sg				Why must the Israelites not wrong a foreigner?	The Israelites must not wrong a foreigner or oppress him, for they were foreigners in the land of Egypt.
22:22-24	rq7y				What would happen if the Israelites mistreated any widow or fatherless child?	If the Israelites mistreats them at all, and if they cry out to Yahweh, he will surely hear their cry. His anger will burn, and he will kill them with the sword; their wives will become widows, and their children will become fatherless.
22:26	w8kg				If someone takes his neighbor’s garment in pledge, when must he return it to the owner?	If someone takes his neighbor’s garment in pledge, he must return it to him before the sun goes down.
22:31	pg41				What meat must the Israelites not eat? What should they do with it?	The Israelites must not eat any meat that was torn by animals in the field. Instead, they must throw it to the dogs.
23:5	shr6				If the Israelites see the donkey of someone who hates them fallen to the ground under its load, what must they do?	If the Israelites see the donkey of someone who hates them fallen to the ground under its load, they must not leave that person. They must surely help him with his donkey.
23:8	mu02				Why should the Israelites not take a bribe?	They should not take a bribe, for a bribe blinds those who see, and perverts honest people’s words.
23:11	em7p				Why should the Israelites leave their fields unplowed in the seventh year?	In the seventh year the Israelites should leave the fields unplowed and fallow so that the poor among their people may eat.
23:12	nix9				Why must the Israelites rest on the seventh day?	On the seventh day they must rest so that their ox and their donkey may have rest, and so that their female slave’s son and any foreigner may rest and be refreshed.
23:15	k13x				In what month was the Festival of Unleavened Bread to be observed?	The Festival of Unleavened Bread was to be observed in the month of Aviv.
23:15	p0v4				In what month did the Israelites come out of Egypt?	They came out of Egypt in the month of Aviv.
23:16	bbgc				When were the Festival of Harvest and the Festival of Ingathering to be observed?	You must observe the Festival of Harvest with the first fruits of your labors when you sowed seed in the fields. Also you must observe the Festival of Ingathering at the end of the year when you gather in your produce from the fields.
23:18	vx8n				For how long can the fat from the sacrifices at Yahweh’s festivals remain?	The fat from the sacrifices at Yahweh’s festivals must not remain all night until the morning.
23:21	h2eo				What would happen if the Israelites provoke Yahweh’s angel?	If they provoke him, he will not pardon their transgressions.
23:24	qxdf				What must the Israelites do to foreign gods?	They must completely overthrow them and smash their sacred stone pillars in pieces.
23:29	qonu				Why wouldn’t Yahweh drive out the foreign nations before the Israelites in one year?	Yahweh would not drive them out in one year or the land would become abandoned, and the wild animals would become too many for them.
23:33	hj34				Why must foreign nations not live in the Israelites’ land?	They must not live in the Israelites’ land, or they would make the Israelites sin against Yahweh.
24:1	x4qn				How many elders should come up to worship Yahweh at a distance?	Seventy elders should come up to worship Yahweh at a distance.
24:4	snct				What would the 12 stones represent?	The 12 stones would represent the 12 tribes of Israel.
24:5-6	n0hw				Where did Moses put the blood of the oxen from the fellowship offerings to Yahweh?	Moses took half of the blood of the oxen from the fellowship offerings to Yahweh and put it into basins; he splashed the other half onto the altar.
24:8	xznk				How did Yahweh make a covenant with the Israelites?	Yahweh made the covenant with the Israelites by sprinkling them with blood and giving them the promise with all the words.
24:9-10	imeg				Who saw Yahweh?	Moses, Aaron, Nadab, Abihu, and seventy of Israel’s elders saw Yahweh.
24:12	a5qi				Why did Yahweh give Moses the tablets of stone and the law and commandments?	Yahweh gave Moses the tablets of stone and the law and commandments that he had written so that Moses might teach them.
24:14	o1ln				If anyone had a dispute, to whom should he go?	If anyone had a dispute, he should go to Aaron and Hur.
24:17	vewc				What was the appearance of Yahweh’s glory like?	The appearance of Yahweh’s glory was like a devouring fire on the top of the mountain in the eyes of the Israelites.
25:2	gpe3				From whom should the Israelites take an offering?	The Israelites should take an offering from every person who is motivated by a willing heart.
25:7	sv4z				For what were the onyx stones and other precious stones to be set?	The onyx stones and other precious stones were to be set for the ephod and breastpiece.
25:8	rjod				Why would the Israelites make Yahweh a sanctuary?	The Israelites would make Yahweh a sanctuary so that he might live among them.
25:10-11	daz5				With what must Moses cover the acacia wood?	He must cover it inside and out with pure gold.
25:14	boa5				Into what must Moses put the poles? Why?	He must put the poles into the rings on the box’es sides in order to carry the box.
25:15	heaw				Where must the poles remain?	The poles must remain in the rings of the box. They must not be taken from it.
25:20	q59y				Which direction must the cherubim face?	The cherubim must face one another and look toward the center of the atonement lid.
25:22	pi6a				From where would Yahweh speak to Moses?	Yahweh would speak with him from above the atonement lid, from between the two cherubim over the Box of the Testimony.
25:23-24	yv6u				What border must Moses put around the top of the table of acacia wood?	He must put a border of gold around the top of the table of acacia wood.
25:27	ws0g				Why must the rings be attached to the frame?	The rings must be attached to the frame to provide places for the poles in order to carry the table.
25:29	gw4s				What was to be used to pour out drink offerings?	The dishes, spoons, pitchers, and bowls were to be used to pour out drink offerings.
25:31-32	u38c				How many branches must extend out from the sides of the lampstand of pure hammered gold?	Six branches must extend out from its sides—three branches must extend from one side, and three branches of the lampstand must extend from the other side.
25:33-34	kpkg				On which part of the lampstand must there be four cups made like almond blossoms?	On the lampstand itself, the central shaft, there must be four cups made like almond blossoms.
25:35	cp1l				What must be under each pair of branches?	There must be a bulb under each pair of branches.
25:39	uf2a				How much gold should Moses use to make the lampstand and its accessories?	He must use one talent of pure gold to make the lampstand and its accessories.
26:1	cm0r				Who would Moses have to make the Dwelling with ten curtains made from fine linen and blue, purple, and scarlet wool with the designs of cherubim?	Moses must have a very skilled craftsman make the Dwelling with ten curtains made from fine linen and blue, purple, and scarlet wool with the designs of cherubim.
26:5	elsd				How should Moses position the fifty loops on the first curtain and fifty loops on the end curtain in the second set?	He must make fifty loops on the first curtain and fifty loops on the end curtain in the second set so that the loops will be opposite to each other.
26:7	fps4				Of what must Moses make curtains for a tentlike covering over the Dwelling?	He must make curtains of goats’ hair for a tentlike covering over the Dwelling.
26:12	kgvo				Where must the overhanging part remaining from the tent’s curtains hang?	The overhanging part remaining from the tent’s curtains must hang at the back of the Dwelling.
26:17	k1kb				What must be in each board for joining them to each other?	There must be two projections called tenons in each board for joining the boards to each other.
26:19	vg23				Why must there be two bases under each board?	There must be two bases under each board to be for its two tenons.
26:30	d71m				How must Moses set up the Dwelling?	He must set up the Dwelling by following the plan God showed him on the mountain.
26:33	axti				What is the purpose of the curtain?	The curtain is to separate the Holy from the Holy of Holies.
26:35	pc4l				On what side of the Dwelling is the lampstand?	The lampstand is opposite the table on the south side of the Dwelling.
27:2	agdf				How must Moses make extensions of the altar’s four corners?	He must make extensions of its four corners shaped like ox horns.
27:3	qlgu				With what must Moses make all the utensils for the altar?	He must make all the utensils with bronze.
27:9	wyse				What kind of hangings must be on the south side of the courtyard?	There must be hangings of fine twisted linen 100 cubits long on the south side of the courtyard.
27:19	an0b				Of what material must all the equipment to be used in the Dwelliing and all the tent pegs for the Dwelling and courtyard be made?	All the equipment to be used in the Dwelling and all the tent pegs for the Dwelling and courtyard must be made of bronze.
27:21	wljp				What would be a lasting ordinance forever throughout the generations of the Israelite nation?	Aaron and his sons must maintain the lamps from evening to morning before Yahweh. This requirement would be a lasting ordinance forever throughout the generations of the Israelite nation.
28:1	icmq				Who would serve Yahweh as priests?	Aaron and his sons—Nadab, Abihu, Eleazar, and Ithamar—would serve Yahweh as priests.
28:5	sp1k				What material must craftsmen use for the priests’ clothing?	Craftsmen must use fine linen that is gold, blue, purple, and scarlet.
28:9	tapd				What must be engraved on two onyx stones?	The names of Israel’s 12 sons must be engraved on two onyx stones.
28:10	d41c				In what order must the names of Israel’s twelve sons be on the two onyx stones?	The names of Israel’s twelve sons must be on the two onyx stones in the order of the sons’ births.
28:12	h1t0				Why would Aaron carry the names of the Israel’s 12 sons on his two shoulders?	Aaron would carry their names on his two shoulders as a reminder to Yahweh.
28:15-16	sg15				What shape must the breastpiece for decision making be?	The breastpiece for decision making must be square.
28:17	d101				How must the precious stones be mounted?	They must be mounted four rows of three each
28:20	ou36				How must the precious stones be mounted?	They must be mounted in gold settings.
28:24	q5rl				Where must Moses attach the two golden chains?	He must attach the two golden chains to the two corners of the breastpiece.
28:28	ege3				Why must Moses tie the breastpiece by its rings to the ephod’s rings?	He must tie the breastpiece by its rings to the ephod’s rings so that the breastplate might not separate from the ephod.
28:30	pp9y				What must Moses put in the breastpiece for decision-making?	He must put in the breastpiece for decision-making the Urim and the Thummim.
28:31-32	nlh4				Of what must the robe of the ephod be made?	The robe of the ephod must be made entirely of blue.
28:35	ch6g				Why is the robe to be on Aaron when he serves?	The robe is to be on Aaron when he serves so that the sound of its bells can be heard when he goes into the Holy Place before Yahweh and when he leaves. This is so that he does not die.
28:36-38	i65j				How would Aaron bear any guilt that might attach to the offering of the holy gifts that the Israelites consecrated?	He would bear any guilt that might attach to the offering of the holy gifts that the Israelites consecrated by wearing the engraved plate on his turban.
28:40	vn6a				What must Moses make for the honor and splendor of Aaron’s sons?	He must make tunics, sashes, and headbands for the honor and splendor of Aaron’s sons.
28:42	vpvy				How much would the undergarments cover?	The undergarments would cover from the waist to the thighs.
29:1-2	reff				What must be brought to dedicate Aaron and his sons?	The following were to be brought to dedicate Aaron and his sons: one young bull and two rams without blemish, bread without yeast, and cakes without yeast mixed with oil, and wafers made with fine wheat flour without yeast rubbed with oil.
29:4	r1ni				In what must Moses wash Aaron and his sons?	Moses must wash Aaron and his sons in water.
29:9	yn6z				To whom would the work of the priesthood belong?	The work of the priesthood would belong to Aaron and his sons.
29:13	p8pt				What must Moses do with the fat and the covering of the liver and the two kidneys?	He must burn the fat that covers the inner parts and the covering of the liver and the two kidneys with the fat that is on them, on the altar.
29:18	f8le				What would a burning ram produce for Yahweh?	It would produce smoke with a sweet aroma for Yahweh.
29:20	tfpx				What must Moses do with blood from the second ram?	He must put it on the tip of Aaron’s right ear, and on the tip of his sons’ right ears, on the thumb of their right hands, and on the great toe of their right feet. Then he must sprinkle blood against the altar on every side.
29:21	ankk				What was Moses to sprinkle on Aaron, his garments, Aaron’s sons and their garments?	Moses was to sprinkle some of the blood from the altar and some of the anointing oil on Aaron, his sons and their garments.
29:22	e4jp				What was the ram for?	The ram was for the priest’s consecration to Yahweh.
29:26-28	mix4				What must forever belong to Aaron and his descendants?	The breast of the offering that is raised high and the thigh of the offering that is presented must forever belong to Aaron and his descendants.
29:30	dpmz				From among whom would the next priest come?	The next priest would come from among Aaron’s sons.
29:31	rt3h				How must the ram for the consecration be cooked?	The ram for the consecration must be boiled in a holy place.
29:37	o9bk				After the altar is consecrated, what happens to anything that touches it?	Whatever touches the altar will be the holy, the same as the altar.
29:39	ppi9				When must Moses offer each of the lambs?	He must offer one lamb in the morning and the other lamb at about sundown.
29:40	gy21				What must be offered with the first lamb?	With the first lamb, a tenth of an ephah of fine flour mixed with the fourth part of a hin of oil from pressed olives, and the fourth part of a hin of wine as a drink offering, must be offered.
29:42	i8cs				Where were the lambs to be offered?	The lambs had to be offered at the entrance to the Dwelling before Yahweh.
29:45	hgqh				Where would Yahweh live?	Yahweh would live among the Israelites and be their God.
30:4	spig				What is the purpose of the rings?	The rings must be holders for poles to carry the altar.
30:6	l28f				Where must Moses put the incense altar?	Moses must put the incense altar before the curtain that is by the Box of the Testimony.
30:8-9	u2ud				What is the only incense that can be burned on the incense altar?	When Aaron lights the lamps again in the evening, he must burn incense on the incense altar. But no other incense must be offered on the incense altar.
30:10	ycn4				How often must Aaron make atonement on the horns of the incense altar?	Aaron must make atonement on the horns of the incense altar once a year.
30:12	ur0y				Why must each person give a ransom for his life to Yahweh?	Each person must give a ransom for his life to Yahweh so that there would be no plague among them when Moses counted them.
30:16	snvu				After Moses received the atonement money from the Israelites, how was he required to allocate it?	After Moses received the atonement money from the Israelites, he had to allocate it to the work of the Dwelling.
30:18	d1bi				Where must Moses put the large bronze basin?	Moses must put it between the Dwelling and the altar.
30:20	iu32				What must Aaron and his sons do when they go into the Dwelling or when they go near to the altar to serve Yahweh by burning an offering?	When they go into the Dwelling or when they go near to the altar to serve Yahweh by burning an offering, they must wash with water.
30:23-25	gyrq				What are the ingredients in holy anointing oil?	The ingredients in holy anointing oil are 500 shekels of flowing myrrh, 250 shekels of sweet-smelling cinnamon, 250 shekels of sweet-smelling cane, 500 shekels of cassia, measured by the weight of the shekel of the sanctuary, and one hin of olive oil.
30:32	vjzb				What must not be done with the holy anointing oil?	It must not be applied to people’s skin, nor must any oil like it with the same formula be made, because it is consecrated.
30:33	xunr				What must happen to the person who makes anything like the incense or holy anointing oil to use as a perfume?	Whoever makes anything like it to use as a perfume must be cut off from his people.
30:38	jbcz				What must happen to the person who makes anything like the incense or holy anointing oil to smell it?	Whoever makes anything like it to smell it must be cut off from his people.
31:3-5	hjbb				What abilities would Bezabel have because Yahweh filled him with his spirit?	Yahweh filled Bezalel with his spirit to give him wisdom, understanding, and knowledge for all kinds of craftsmanship, to make artistic designs and to work in gold, silver, and bronze; also to cut and set stones and to carve wood—to do all kinds of craftsmanship.
31:6	xe06				Why did Yahweh put skill into the hearts of all who were wise?	Yahweh put skill into the hearts of all who were wise so that they may make all that he commanded them.
31:14	y4ny				What would happen to anyone who defiled or worked on the Sabbath?	Everyone who defiled the Sabbath must surely be put to death. Anyone who worked on the Sabbath must surely be cut off from his people.
31:17	kqs2				Why would the Sabbath always be a sign between Yahweh and the Israelites?	The Sabbath would always be a sign between Yahweh and the Israelites, for in six days Yahweh made heaven and earth, and on the seventh day he rested and was refreshed.
31:18	c4ah				Who wrote the two tablets of covenant decrees?	Yahweh gave Moses two tablets of covenant decrees written on by Yahweh’s own hand.
32:1	q0gt				When did the people gather around Aaron and ask him to make an idol?	When the people saw that Moses delayed in coming down the mountain, they gathered around Aaron and asked him to make an idol.
32:4	qliv				Who received the gold from the people, fashioned it in a mold, and made it into a molded calf?	Aaron received the gold from them, fashioned it in a mold, and made it into a molded calf.
32:6	mizl				After the people offered burnt offerings and brought fellowship offerings, what did they do?	After the people offered burnt offerings and brought fellowship offerings, they sat down to eat and to drink, and then got up to carouse in wild celebration.
32:8	jxvp				What did the people say was the god who brought them up out of the land of Egypt?	The people said the golden calf was the god who brought them up out of the land of Egypt.
32:11	j1i6				After Yahweh became angry, what did Moses do?	Moses tried to calm down Yahweh his God.
32:14	f10t				From what did Yahweh relent?	Yahweh relented from the punishment that he had said he would inflict on his people.
32:15	x78d				On which parts of the tablets did Yahweh write?	The tablets were written on both their sides, on both the front and the back.
32:17	tv55				When Joshua heard the noise of the people as they shouted, what did he think was the problem?	When Joshua heard the noise of the people as they shouted, he thought there was the noise of combat in the camp.
32:19	nmwh				After Moses saw the calf, what did he do to the tablets?	He threw the tablets out of his hands and broke them at the bottom of the mountain.
32:20	vt5r				What did Moses do to the calf?	Moses took the calf that the people had made, burned it, ground it to powder, and poured it into the water. Then he made the people of Israel drink it.
32:24	o1eo				According to Aaron, how was the calf made?	According to Aaron, the people gave him gold and he threw it into the fire, and out came the calf.
32:25	gbcj				Who had let the people get out of control?	Aaron had let them get out of control.
32:26	g3de				Who gathered around Moses when he commanded everyone on Yahweh’s side to come to him?	When Moses commanded everyone on Yahweh’s side to come to him, all the Levites gathered around him.
32:28	h7fl				What did the Levites do?	The Levites did what Moses ordered, and about 3,000 men out of the people died.
32:29	bq0m				Why were the Levites placed into Yahweh’s service?	They were placed into Yahweh’s service, for each of them acted against his brother.
32:32	xhh5				What did Moses want Yahweh to do if Yahweh would not forgive the people’s sin?	Moses wanted Yahweh to blot him out of the book Yahweh had written if Yahweh would not forgive the people’s sin.
32:35	y8vp				How did Yahweh punish the people because they had made the calf?	Yahweh sent a plague on the people because they had made the calf.
33:2	l54p				What did Yahweh say he would send before Moses?	Yahweh would send an angel before Moses.
33:3	txqi				Why would Yahweh not go up with Moses?	Yahweh would not go up with him, because they were a stubborn people. Yahweh might destroy them on the way.
33:5	vhdv				What did Yahweh command the Israelites to take off?	They must take off their jewelry.
33:9	uj16				What would happen whenever Moses entered the Dwelling?	Whenever Moses entered the Dwelling, the pillar of cloud would come down and stand at the entrance, and Yahweh would speak with Moses.
33:11	kcdp				How would Yahweh speak to Moses?	Yahweh would speak to Moses face to face, as a man speaks to his friend.
33:13	h1u1				What did Moses want Yahweh to show him? Why?	Moses wanted Yahweh to show him his ways so that Moses might know him and continue to find favor in his sight.
33:16	dhx4				How would it be known that Moses found favor in Yahweh’s sight?	It would be known that Moses found favor in Yahweh’s sight if Yahweh went with them so that they were different from all the other peoples that were on the surface of the earth.
33:19	qkrq				To whom did Yahweh say he would be gracious and merciful?	Yahweh said he would be gracious to whom he would be gracious and that he would show mercy on whom he would show mercy.
33:20	y6k0				Why could Moses not see Yahweh’s face?	Moses could not see Yahweh’s face, for no one could see him and live.
33:23	ek75				When Yahweh would take away his hand, what would Moses see?	When Yahweh would take away his hand, Moses would see his back, but Yahweh’s face would not be seen.
34:1	v0qm				What would Yahweh write on the new tablets?	Yahweh would write on the new tablets the words that were on the first tablets, the tablets that Moses broke.
34:3	sfuh				Who was allowed anywhere on the mountain?	No one besides Moses was allowed anywhere on the mountain.
34:5	q19q				When Yahweh came down in the cloud and stood with Moses, what did he pronounce?	When Yahweh came down in the cloud and stood with Moses, he pronounced the name “Yahweh”.
34:7	ab62				Would Yahweh clear the guilty?	Yahweh would by no means clear the guilty.
34:10	obyv				What was Yahweh about to make?	Yahweh was about to make a covenant.
34:12	yl5m				What would happen if the Israelites made a covenant with the inhabitants of the land where they were going?	If they made a covenant with the inhabitants of the land where they were going, the inhabitants would become a trap among the Israelites.
34:14	pnf5				Why must the Israelites worship no other god?	They must worship no other god, for Yahweh, whose name is ‘Jealous,’ is a jealous God.
34:15-16	u8cl				What would happen if the Israelites ate some of the sacrifices of the inhabitants of the land?	If the Israelites ate some of the sacrifices of the inhabitants of the land, they would even take some of their daughters for their sons, and their daughters would commit adultery and go after their own gods, and they would make their sons commit adultery and go after their gods.
34:18	qk5g				Why must the Israelites eat bread without yeast for seven days at the fixed time in the month of Aviv?	The Israelites must eat bread without yeast for seven days at the fixed time in the month of Aviv, for it was in the month of Aviv that the Israelites came out from Egypt.
34:20	falu				What had to happen if the Israelites did not buy back the firstborn of a donkey with a lamb?	If the Israelites did not buy back the firstborn of a donkey with a lamb, then they had to break its neck.
34:21	pvte				What must the Israelites do on the seventh day, even at plowing time and in harvest?	On the seventh day, the Israelites must rest. Even at plowing time and in harvest, they must rest.
34:23	nstm				How often must all the men appear before Yahweh?	All the men must appear before Yahweh three times every year.
34:24	g7nh				Who would desire to invade the land and take it when the Israelites went up to appear before Yahweh three times every year?	No one would desire to invade the land and take it when the Israelites went up to appear before Yahweh three times every year.
34:26	m944				What must the Israelites bring to Yahweh’s house?	They must bring the best of the first fruits from their fields to Yahweh’s house.
34:28	zt95				What did Moses not do when he was with Yahweh for 40 days and nights?	When Moses was with Yahweh for 40 days and nights, he did not eat any food nor drink any water.
34:30	zojs				When Aaron and the Israelites saw Moses, why were they afraid to come near him?	When Aaron and the Israelites saw Moses, the skin of his face was shining, and they were afraid to come near him.
34:33	a2v6				When Moses finished speaking with them, what did he put over his face?	When Moses finished speaking with them, he put a veil over his face.
34:34	lf85				When did Moses remove the veil?	Whenever Moses went before Yahweh to speak with him, he would remove the veil.
35:3	m1a2				When must the Israelites not light a fire?	They must not light a fire in any of their homes on the Sabbath day.
35:5	dmsn				Who should take an offering for Yahweh?	All who have a willing heart should take an offering for Yahweh.
35:20	wktr				Where did all the tribes of Israel go?	All the tribes of Israel left and went away from Moses’ presence.
35:21	f4tw				Who came and brought an offering to Yahweh for the construction of the Dwelling?	Everyone whose heart stirred him up and whom his spirit made willing came and brought an offering to Yahweh for the construction of the Dwelling.
35:27	vctj				What were to be set into the ephod and the breastpiece?	Onyx stones and other gems were to be set into the ephod and the breastpiece.
35:30	p2ad				On whom did Yahweh call by name?	Yahweh called by name on Bezalel, son of Uri, son of Hur, from the tribe of Judah.
36:1	icvm				Who would do the work of building the sanctuary?	Bezalel and Oholiab would work, as well as every wise-hearted person in whom Yahweh put skill and understanding to know how to build the sanctuary.
36:3	f3b7				What were the people still doing?	The people were still bringing freewill offerings every morning to Moses.
36:6	rgsy				What did Moses instruct the people to do?	Moses instructed that no one in the camp should bring any more offerings for the construction of the sanctuary.
36:11	jcjd				Where did Bezalel make loops?	He made loops of blue along the outer edge of the end curtain of one set, and he did the same along the outer edge of the end curtain in the second set.
36:13	d671				How did Bezalel join the curtains together?	He made fifty gold clasps and joined the curtains together with them.
36:18	i96o				Why did Bezalel make fifty bronze clasps?	Bezalel made fifty bronze clasps to join the tentlike covering together so that it might be one.
36:24	me12				How many bases were under each of the boards?	There were two bases under each of the boards.
36:33	oemo				Where did Bezalel make the crossbar?	He made the crossbar in the center of the boards, that is, halfway up, to reach from end to end.
36:38	ydb4				With what did Bezalel cover the five pillars?	Bezalel covered the five pillars with gold.
37:1	wizy				Of what material did Bezalel make the box?	Bezalel made the box of acacia wood.
37:5	uu5r				Why did Bezalel put the poles into the rings on the sides of the box?	He put the poles into the rings on the sides of the box in order to carry the ark.
37:9	du1g				Which direction did the cherubim face?	The cherubim faced each another and looked toward the center of the atonement lid.
37:16	qtyl				What objects would be on the table?	The dishes, spoons, the bowls, and pitchers to be used to pour out the offerings would be on the table.
37:19	kkmp				What was located on each branch extending out from the lampstand?	Each branch had three cups made like almond blossoms, with a leafy base and a flower, and three cups made like almond blossoms in the other branch, with a leafy base and a flower.
37:24	legx				How much gold did Bezalel use to make the lampstand and its accessories?	He made the lampstand and its accessories with one talent of pure gold.
37:26	nm4t				What surrounded the incense altar?	A border of gold surrounded the incense altar.
37:29	sr16				Who made the holy anointing oil and the pure fragrant incense?	Bezalel made the holy anointing oil and the pure fragrant incense.
38:1	fg4s				How long and wide was the altar for burnt offerings?	The altar for burnt offerings was five cubits long and five cubits wide.
38:7	ct6q				How did Bezalel make the altar?	He made the altar hollow, out of planks.
38:8	n707				To whom did the mirrors belong?	The mirrors belonged to the women who served at the entrance to the Dwelling.
38:16	ow74				Of what were all the hangings around the courtyard made?	All the hangings around the courtyard were made of fine linen.
38:17	h9qr				How many courtyard posts were covered with silver?	All the courtyard posts were covered with silver.
38:21	kri1				Who directed the Levites?	Ithamar, son of Aaron the priest, directed the Levites.
38:24	qzcl				How much gold was used for the project?	All the gold that was used for the project was 29 talents and 730 shekels, measured by the standard of the sanctuary shekel.
38:26	r7dy				How many men 20 years old and older were counted in the census?	There were 603,550 men 20 years old and older counted in the census.
39:5	u4q1				What was made of one piece with the ephod?	The waistband was from it, meaning made of one piece with the ephod.
39:6	m54a				What was engraved with the names of Israel’s twelve sons?	Onyx stones were engraved with the names of Israel’s twelve sons.
39:10	lnig				How many rows of precious stones were on the breastpiece?	There were four rows of precious stones on the breastpiece.
39:17-18	fn2r				What did the braided chains connect?	The braided chains connected the corners of the breastpiece to the two rings that were attached to the shoulder pieces of the ephod at its front.
39:21	vl79				Why did they tie the breastpiece by its rings to the ephod’s rings with a blue cord?	They tied the breastpiece by its rings to the ephod’s rings with a blue cord so that it might be attached just above the ephod’s finely woven waistband. This was so that the breastpiece might not become detached from the ephod.
39:22-23	jdiu				What was in the middle of the robe of the ephod?	The robe of the ephod had an opening for the head in the middle.
39:25	msrl				What did they put between the pomegranates all around on the bottom edge the robe?	They put the bells between the pomegranates all around on the bottom edge the robe.
39:30	aoay				What did they engrave on the plate of the holy crown of pure gold?	They engraved “HOLY TO YAHWEH” on the plate of the holy crown of pure gold.
39:43	ypom				What did Moses find when he examined all the work?	Moses examined all the work, and, behold, they had done it just as Yahweh had commanded.
40:2	ab9v				When must Moses set up the Dwelling?	On the first day of the first month of the new year, Moses must set up the Dwelling.
40:3	hsho				How must Moses shield the box?	Moses must shield the box with the curtain.
40:7	mjfj				Where must Moses put the large basin?	Moses must put the large basin between the Dwelling and the altar.
40:11	kjwx				Why must Moses anoint the bronze basin and its base?	Moses must anoint the bronze basin and its base to prepare it for service to Yahweh.
40:20	s7er				Where did Moses put the testimony?	Moses put the testimony into the box.
40:26	gkdt				Where did Moses put the golden incense altar?	Moses put the golden incense altar into the Dwelling in front of the curtain.
40:31-32	w7tk				How often did Moses, Aaron, and his sons wash their hands and their feet from the basin?	Moses, Aaron, and his sons washed their hands and their feet from the basin whenever they would go into the Dwelling and whenever they would go up to the altar.
40:35	rcg2				Why was Moses not able to enter the Dwelling?	Moses was not able to enter the Dwelling because the cloud had settled on it and because Yahweh’s glory filled the Dwelling.
40:36	ukt3				When would the people of Israel set out on their journey?	Whenever the cloud was taken up from over the Dwelling, the people of Israel would set out on their journey.
