Reference	ID	Tags	Quote	Occurrence	Question	Response
1:1	dqvf				When was the word of Yahweh by the hand of Haggai the prophet?	The word was in the second year of Darius the king, in the sixth month, on the first day of the month.
1:1	u47b				To whom was the word of Yahweh?	The word was to Zerubbabel the governor and Joshua the high priest.
1:2	fr00				What did Yahweh claim that the people said?	He claimed that they said the time had not come to rebuild Yahweh’s house.
1:4	y7yo				What was the condition of Yahweh’s house while the people lived in their finished houses?	Yahweh’s house was desolate.
1:8	le4w				What did Yahweh command the people to do?	Yahweh commanded the people to go up to the mountain and bring timber and build his house.
1:9	zg81				Why did Yahweh blow away the little food that the people were able to bring home?	Yahweh blew it away because his house was desolate but each person was running to his own house.
1:12	fn8z				How did Zerubbabel the governor, Joshua the priest, and all the remnant of the people respond to Yahweh’s voice and the words of Haggai the prophet?	They all listened to Yahweh’s voice and Haggai’s words because Yahweh had sent him and they feared the face of Yahweh.
1:13	wtu7				How did Yahweh respond to the people’s obedience?	Yahweh sent a message to them through Haggai to tell them, “I am with you!”
1:14-15	sd8f				When did Yahweh awaken the spirits of Zerubbabel the governor, Joshua the priest, and all the remnant of the people so that they came and worked on the house of Yahweh?	Yahweh awakened their spirits on the twenty-fourth day of the sixth month in the second year of Darius the king.
2:1	ziqc				When was the word of Yahweh again by the hand of Haggai the prophet?	The word was in the seventh month, on the twenty-first day of the month.
2:3-4	y67g				Although the house of Yahweh was like nothing in the eyes of those who saw it in its former glory, why did Yahweh declare that Zerubbabel the governor, Joshua the high priest, and all the people should be strong and work?	Yahweh declared that they should be strong and work because he was with them.
2:5	fdv2				What did Yahweh tell Zerubbabel, Joshua, and all the people not to do?	Yahweh told them not to fear.
2:6-7	d7yg				What would happen when Yahweh shook the heavens, earth, and every nation?	People would come with the treasure of all the nations and Yahweh would fill his house with glory.
2:11-12	xjui				According to the priests, if a man carries holy flesh (sacrificed meat) in his garment and his garment touches other food, does that other food become holy?	According to the priests, that other food does not become holy.
2:13	nw4y				According to the priests, if someone who is unclean by a person (that is, through contact with a dead body) touches any food, does that food become unclean?	According to the priests, that food becomes unclean.
2:14	izsf				The people were offering sacrifices on an altar at the temple. What did Yahweh consider those sacrifices to be like?	Yahweh considered those sacrifices to be as unclean as food that was touched by someone who was unclean through contact with a dead body.
2:16	lm32				Before the people began to rebuild the temple of Yahweh, how many measures of grain would they find in a heap where they thought there would be twenty measures?	The people would find only ten measures of grain in a heap where they thought there would be twenty measures.
2:17	w47r				When Yahweh struck the people with blight and mildew and hail, did the people obey him?	No, the people did not obey Yahweh.
2:18	ejz0				How long were the people supposed to think back about what had been happening to them?	They were to think back to the time when the temple of Yahweh was founded.
2:19	jhma				What did Yahweh promise he would do starting on the day Haggai was speaking?	Yahweh promised that from that day forward he would bless the people.
2:21-22	gak0				What did Yahweh say he would do when he shook the heavens and the earth?	Yahweh said that he would overthrow the throne of kingdoms and destroy their strength. The armies of the nations would destroy one another's chariots and horses and their riders.
2:23	ed4k				Yahweh told Zerubbabel that he would make him like a signet ring for a particular reason. What was that reason?	Yahweh told Zerubbabel that he would make him like a signet ring because Yahweh had chosen him.
