Reference	ID	Tags	Quote	Occurrence	Question	Response
1:3	f4o0				What kind of animal from the herd does Yahweh tell Moses to tell the people to bring as a burnt offering?	Yahweh tells Moses to tell the people to bring a perfect male from the cattle as a burnt offering.
1:4	ozmq				What does Yahweh tell the person to do to make the offering accepted on his behalf to make atonement for himself?	Yahweh tells the person to lay his hand on the head of the burnt offering and it shall be accepted for him to make atonement for him.
1:5	u490				What are the priests to do with the blood of the bull?	The priests are to present the blood and splash it upon the altar at the entrance of the tent of meeting.
1:8	hxyy				Who are the priests?	The priests are the sons of Aaron.
1:9	p3v1				What must be done with the inward parts and legs before placing them on the altar to be burned?	The inward parts and the legs must be washed with water before being placed on the altar to be burned.
1:9	wpug				What would the burnt offering produce that would be pleasing to Yahweh?	The burnt offering would produce a scent that would be pleasing to Yahweh.
1:10	cnz6				What animal did Yahweh tell Moses to tell the people to bring from the flock for a burnt offering?	Yahweh told the people to bring from the flock a perfect male lamb or goat.
1:11	wybq				On which side of the altar must the male sheep or goat be killed?	The sheep or goat must be killed on the north side of the altar.
1:11	c3k0				Where must Aaron’s sons splash the blood of the sheep or goat?	Aaron’s sons must splash the blood of the sheep or goat on every side of the altar.
1:14	ge30				What kinds of birds does Yahweh say could be brought as a burnt offering?	Yahweh says that a dove or pigeon could be brought as a burnt offering.
2:1	mml2				What kind of grain offering should be brought as an offering to Yahweh?	The grain offering that a person presents as an offering to Yahweh should be an offering of flour.
2:1	y4wi				What must be done to prepare the flour before it is offered to Yahweh?	Oil should be poured on the flour, and frankincense should be put on the flour.
2:3	fex5				To whom should the remainder of the grain offering belong?	The remainder of the grain offering left after the burnt offering should be for Aaron and his sons.
2:4	ssd8				If the grain offering is baked in an oven, of what must it be made?	If the grain offering is baked in an oven, it must be an offering of a loaf of flour that is mixed with oil and is without yeast..\n
2:11	zz3x				What substances must not to be in the grain offering?	You should not burn on the altar a grain offering that contains any yeast or any honey.\n
2:13	bsgs				What substance must always be on the grain offering?	You should season every grain offering with salt.
3:1	e5eb				What peace offering should be offered from the herd?	A peace offering should be either a male or a female, without blemish, offered from the cattle.
3:2	w5md				Where must the offering be killed?	The offering must be killed in front of the tent of meeting.
3:3-4	yg95				What parts of the peace offering must be presented to Yahweh?	The lobe of the liver, the two kidneys, and fat that is on them that is near the loins must be removed and presented to Yahweh.
3:6-8	ajw1				Where should the person making the peace offering slaughter an animal from the flock?\n	He should slaughter it before the tent of meeting.\n
3:9	j6wm				What different thing must be removed from the peace offering that comes from the flock?	The entire fatty tail, cut away close to the backbone, must be removed and presented to Yahweh if the peace offering comes from the flock.
3:16	lppb				To whom does the fat belong?	All the fat belongs exclusively to Yahweh.
3:17	qqlb				What did Yahweh tell the people not to eat in any place they would ever live?	Yahweh told the people not to eat any fat or any blood wherever they would live.
4:3	vm2w				About what kind of offering does the fourth chapter of Leviticus tell?	The fourth chapter of Leviticus tells about the sin offering.
4:6	namq				How many times must the priest sprinkle blood from the sin offering before Yahweh, in the direction of the curtain of the Holy Place?	The priest must sprinkle some blood from the sin offering seven times in the presence of Yahweh, before the curtain of the most holy place.
4:11-12	qfiw				What parts of the bull should be carried outside the camp to the ceremonially clean place where priests dispose of the fatty ashes?	The skin of the bull and any remaining meat, with its head, legs, inner parts, and its dung should be carried outside the camp and burned at the place where the priests dispose of fatty ashes.
4:13-15	o284				If the whole assembly of Israel unintentionally does wrong against Yahweh, who should lay their hands on the sin offering?	The elders should lay their hands on the sin offering if the whole assembly of Israel errs by mistake.
4:20	hban				What would happen to the assembly of Israel if they followed the directions for the sin offering?	If the assembly of Israel follows the directions for offering the sin offering, their unintentional wrongdoing will be forgiven to them.
4:22-23	kpw8				What animal should be offered if a leader unintentionally does wrong against Yahweh?	If a ruler sins by mistake, he must offer a perfect male goat as an offering.
4:27-28	o1f3				What must the people who are not priests bring as a sacrifice if they unintentionally do wrong?	Such people should bring a perfect female goat to be an offering for the sin that they sin.
4:32	k79j				Could a man bring a female lamb without blemish as a sacrifice for a sin offering?	Yes, a man could bring a perfect female lamb for a purifying sacrifice.
5:1	ssvh				What is one sin of omission for which one would be held responsible?	If anyone sinned by not testifying about something he saw or heard, when he was required to testify, he becomes guilty of sinning.
5:2	sohi				What would one become who touched anything unclean?	If anyone touched any unclean thing, that person is unclean, and he will be guilty.
5:5-6	ub8w				What must the one do who is guilty of sin?	The one who is guilty of sin must bring the required penalty for his guilt to Yahweh.
5:6	u4lb				What animal should he bring to Yahweh for a sin offering?	He should bring to Yahweh a female goat or lamb.
5:7	z3pa				If the individual cannot afford to buy a lamb or goat, what should he bring to Yahweh for the guilt offering?	If he cannot afford a lamb or goat, for the guilt offering he should bring two doves or two pigeons.
5:11	cyow				If he could not afford two doves or two pigeons, what could he bring for his sin offering?	If he could not afford two doves or two young pigeons for his restoring sacrifice, he could bring a tenth of an ephah of fine flour without any oil or incense on it.
5:15	t2bg				What offering must be brought if anyone breaks a commandment and unintentionally desecrates the sacred space where Yahweh lives or the sacred items that are devoted to Yahweh?	This guilt offering must be a perfect ram from the flock.
6:1-5	g1k5				What did one have to do if he sinned against his neighbor?	If a person sinned against his neighbor, on the day that he recognizes his guilt, he must restore whatever he took or the lost thing that he had found and add a fifth more value to what he restores or returns.
6:5	q8ca				What must one do who swore falsely about any matter?	If one swore concerning something as a lie, he must restore the full value and add one-fifth of its value to it.
6:6	foco				What should someone bring to the priest for a guilt offering if he is guilty of the sins above?	If one is guilty of the sins above, he must bring a purifying offering, a perfect ram from the flock.
6:9	z80n				How long must the burnt offering remain on the altar?	The burnt offering must remain burning on the altar all night, until the morning.
6:10	giss				What must the priest wear to remove the fatty ash from the altar?	The priest must put on his linen robe and underclothes to remove the ashes from the altar.
6:11	n245				What must the priest do before carrying the ashes outside the camp?	The priest had to take off his linen clothes and put on other clothes before taking the fatty ash outside of the camp.
6:12-13	gpbr				What must be kept going at all times?	The fire on the altar must be made to burn on the alter; it must not go out.
6:16	vo42				What should the priests to do with the leftover unleavened bread?	In a holy place; in the courtyard of the tent of meeting, Aaron and his sons should eat the unleavened bread.
6:20	a8wm				What do the sons of Aaron have to do when their sons are anointed?	The sons of Aaron must present a grain offering of a tenth part of an ephah of fine flour, half in the morning and half in the evening.
6:21	pxb7				How must this grain offering be prepared?	This grain offering must be combined with oil and made on a griddle in oil.
6:22	gxc4				Who would offer this grain offering?	The priest who is in line to succeed the current high priest should perform the grain offering in this way.
6:26	g0gm				According to the law of the sin offering, what did the priest have to do to the offering?	The priest had to eat the sin offering in the courtyard of the tent of meeting.
6:27-28	b66h				What had to be done with the clay pot in which the meat was boiled?	The clay pot in which the meat was boiled had to be shattered.
6:30	oi3r				What part of the sin offering was not to be eaten?	No part of the sin offering was to be eaten from which blood was brought into the tent of meeting to make atonement in the holy place.
7:7	pe8z				What offering was like the sin offering?	The guilt offering was like the sin offering.
7:8	us4r				What belongs to the priest from anyone’s burnt offering?	The skin of the burnt offering that anyone presents belongs to the priest who offers the offering.
7:9-10	raut				Which offering belonged to the priests?	Every grain offering belonged to all the sons of Aaron.
7:17	eh0x				By the third day, what must be done with the remaining meat of the sacrifice?	The meat of the sacrifice that remains uneaten must be burned on the third day.
7:25-26	t34z				What had to be done to anyone who is eating fat from an animal or blood from a bird or an animal?	Anyone who is eating fat from the livestock or blood from a bird or livestock must be cut off from his people.
7:31-32	m1el				What has to be given to the priest after the fat is burned on the altar and the breast is given to Aaron and for his sons?	After the fat is burned on the altar and the breast is given to Aaron and for his sons, the right thigh must be given to the priest who performs the sacrifice of your peace offerings.
8:1-3	dnjk				What did Yahweh tell Moses to do with Aaron and his sons?	Yahweh told Moses to take Aaron and his sons, their special clothes and the anointing oil, the bull, two rams, and the basket of unleavened bread to the entrance to the tent of meeting.
8:3	e18g				Who did Yahweh tell Moses to call to the entrance of the tent of meeting?	Yahweh told Moses to assembly all the people at the entrance of the tent of meeting.
8:7	fl6j				What clothing did Moses put on Aaron?	Moses put the embroidered tunic on Aaron, tied the waistband around him, and clothed him with the outer garment and the priests’ sacred apron.
8:8	ii2u				What did Moses place on the breastplate?	Moses put the Urim and the Thummim on the breastplate.
8:9	o7ea				What was the crown of holiness?	The holy crown was the golden flower-shaped plate fastened to the front of the turban.
8:10	yx9u				What did Moses anoint with the anointing oil?	Moses anointed the sacred tent and everything in it with the anointing oil, making them holy.
8:12	wiw6				How did Moses consecrate Aaron?	Moses consecrated Aaron by pouring some of the oil of anointing on the head of Aaron.
8:14-15	nmum				What did Moses do with the blood of the bull that was brought for the sin offering?	Moses took the blood and put it on the horns of the altar with his finger. He then poured out the blood at the base of the altar.
8:18-19	id2r				What did Moses do with the blood from the ram used for the burnt offering?	Moses splashed its blood against every side of the altar.
8:23	jirb				What did Moses do with some of the blood from the second ram, the ram of consecraton?	Moses took some of the blood from the ram of consecration and placed it on the lobe of Aaron’s right ear, the thumb of his right hand, and the big toe on his right foot.
8:35	t1x3				How long were the priests to remain at the entrance to the tent of meeting?	The priests were to remain at the entrance to the tent of meeting for seven days and seven nights.
8:36	jm7c				What was Aaron and his sons’ response to what Yahweh had ask them to do?	They did all the things God had commanded them through Moses.
9:1	scu0				On what day did Moses call to Aaron and his sons and the elders of Israel?	Moses called to Aaron and his sons and the elders of Israel on the eighth day.
9:2	fsq1				What two animals did Moses ask Aaron and his sons to bring to offer to Yahweh?	Moses ask Aaron to take a calf from the bulls for a sin offering and a perfect ram for a burnt offering to Yahweh.
9:3-4	rcjm				What animals did Moses ask Aaron to tell the people of Israel to bring to offer to Yahweh?	Moses asked Aaron to tell the people to bring a male goat, a calf, a lamb, an ox, and a ram to offer to Yahweh.
9:6	suye				Why had Yahweh commanded them to do this?	Yahweh commanded them to do this and they would see how glorious Yahweh is.
9:22	gk20				After Aaron made the offerings as Moses had said, what did Aaron do for the people?	After Aaron made the offerings, he lifted up his hands toward the people and he blessed them.
9:24	esvj				What happened when the glory of Yahweh appeared to the people?	When the glory of Yahweh appeared to the people, fire went forth before the face of Yahweh and consumed the burnt offering and fat on the altar.
9:24	beot				What did the people do when the fire came from Yahweh?	When the fire came out from Yahweh, the people shouted and fell on their faces.
10:1	ztms				Who offered unacceptable fire to Yahweh?	Nadab and Abihu, sons of Aaron, offered strange fire to Yahweh that he did not command them.
10:2	plq5				What happened to these two men as a result of this act?	Fire shot out from Yahweh and consumed them. They died in Yahweh's presence.\n
10:4	lv01				Who was called upon by Moses to carry the bodies out of the tabernacle?	Mishael and Elzaphan, the sons of Uzziel, the uncle of Aaron, were called by Moses to carry the corpses outside the camp.
10:7	hc28				What did Moses say to Aaron and his sons?	Moses said to them that they should not go out of the tent of meeting or they would die.
10:9	ky9p				What did Yahweh say to Aaron and his sons about what they should not drink?	Yahweh told Aaron and his sons that they should not drink wine or beer before entering the tent of meeting.
10:16	leqe				Why was Moses angry with Eleazer and Ithamar, the remaining sons of Aaron?	Moses was angry with Eleazer and Ithamar because they had let the goat for the sin offering burn up instead of eating it.
11:3	slyf				What living things that live on the earth did Yahweh tell Moses and Aaron the people of Israel could eat?	Yahweh told Moses and Aaron to tell the people of Israel they could eat any livestock that completely cloven hooves and rechews partially digested food.
11:4	p7ws				Was an animal acceptable to eat if it only had a split hoof or if if only chewed the cud?	If an animal possessed only one of the two traits, it was not acceptable to eat.
11:9	dsoc				What animals living in the water may be eaten by the people of Israel?	The people of Israel may eat anything that lives in the water and has both fins and scales.
11:13-16	a7nt				What kind of birds did Yahweh say the people of Israel should detest and not eat?	Yahweh said that the people of Israel should detest and not eat eagles, falcons, hawks, vultures and ravens, owls ostriches and even bats.
11:21	hf28				What kinds of insects could be eaten by the people?	Insects that walk on legs above their feet, which they use to leap on the ground, may be eaten by the people.
11:23	w6jz				What should the people do to four-legged insects that fly?	The people should consider any four-legged insect that swarms to be disgusting and completely unacceptable to eat..
11:29-30	u469				What animals that swarm on the ground should the people of Israel consider to be unclean?	The weasel, the rat, every kind of large lizard, the gecko, the monitor lizard, the lizard, the skink, and the chameleon are unclean.
11:35	zr4u				What happens to anything that an unclean animal touches?	Anything upon which the body of an unclean animal falls shall be unclean.
11:42	c62b				What does Yahweh say about things that crawl on the ground?	All the animals that crawl upon the ground on four or more legs are to be considered disgusting and unacceptable to eat.
11:45	kum3				Why did Yahweh say that the people of Israel must be holy?	Yahweh said that the people must be holy because he is holy.
12:2	sx70				What did Yahweh say to Moses about women who give birth to a male child?	Yahweh said to Moses that a woman who gives birth to a male child would be unclean for seven days.
12:4	a6q8				What was a woman required to do following her being unclean?	She must wait about a month in the impurity of the blood she bled from giving birth. She must not enter the tabernacle or touch anything holy until that time is over.
12:5	mtbe				What was a woman required to do differently if she gave birth to a female child?	If a woman gives birth to female child, she will be unclean for two weeks. The woman should wait about two months in the impurity of the blood she bled when she gave birth to the baby.
12:6	l0dr				What was a woman required to do at the end of her purification?	At the end of her purification, a woman should bring a one-year-old lamb for a burnt offering and a pigeon or dove for a sin offering to the priest at the entrance of the tent of meeting.
12:8	f4s0				What if the woman who gives birth to a child cannot afford a lamb?	If the woman cannot afford a lamb, she must bring two pigeons or two doves for the burnt and sin offerings.
12:8	m0ve				What would happen to the woman after she did these things?	The woman will be clean after the priest makes atonement for her.
13:2	c0jl				What did Yahweh should happen if someone has on his skin a swelling, scab, or bright spot that becomes infected?	Yahweh said that anyone who has a skin infection must be brought to Aaron or to one of his sons, the priests.
13:4	cf6j				What must be done if the priest determines that the swelling, scab, or bright spot may not be infectious?	If the priest cannot determine that the swelling, scab, or bright spot is infectious, the priest must quarantine the person for one week..
13:6	hqom				What if the swelling, scab, or bright spot proves not to be infectious?	If the swelling, scab, or bright spot is not infectious, the priest will pronounce him clean and he must wash his clothes, and he will be clean.
13:9-10	ea75				What are the three conditions that the swelling, scab, or bright spot may show if it is to be declared infectious?	The three conditions which the swelling, scab, or bright spot may show to be pronounced infectious are white swelling in the skin, the hair has turned white, and there is raw flesh in the swelling.
13:11	vmxx				If the priest determines that this is a chronic skin disease, what must the priest do?	If the priest determines that this is a chronic skin disease, he must pronounce the person unclean, but the priest does not isolate him.
13:12-14	lcn8				If the skin disease covers the person’s entire body and living flesh can be seen, what is the person declared to be?	If the skin disease covers the person’s entire body and living flesh can be seen, the person is declared to be unclean.
13:16-17	h39y				How may the unclean person become clean again?	The unclean person may become clean again if the infection has been turned to white; the priest shall pronounce him clean.
13:18-20	xk1u				What must a priest do if he examines a person who had a boil but now has a swelling or bright spot that appears deeper under the skin where the boil was, and the hair there has turned white?	The priest must pronounce that person unclean.
13:29-30	agkw				What kind of infectious disease may cause one to be unclean if it is found on the head or chin?	A scall, a skin disease of the head or the beard, may cause one to be unclean if it is found.
13:40	pkkx				What would a man who lost his hair be pronounced?	A man whose head is made bare is clean. He is bald.
13:43-44	vgwk				What one condition on a man’s bald head would result in the man being pronounced unclean?	If the bald man’s head has reddish-white sores that appear like a skin disease, the priest should pronounce him unclean.
13:45-46	sh9x				What must the unclean person do to let others know that he is unclean?	The unclean person must tear his clothes, let his long hair hang down disheveled, cover his upper lip, and shout “Unclean, unclean” when in the presence of others. He must also live alone, outside the camp.
13:57	gy6x				What must the owner do with any garment of wool or linen or leather or anything made of leather that was found to be infected with a rotting fungus?	If any garment of wool or leather or anything made from leather is found to be infected with a rotting fungus, the owner must burn it completely.
14:3	hzp2				Where must the priest examine the diseased person on the day of his cleansing?	The priest must examine the diseased person at a place on the outside of the camp to see if the infection is healed.
14:4	rxnq				What must the priest command the diseased person to bring for the pronouncement of his cleansing?	The priest should command the person to bring two live clean birds, cedar wood, scarlet yarn, and hyssop.
14:5-7	w1tf				After the priest sprinkled the mixture of blood, water, cedar wood and hyssop over the diseased person seven times, what did he do with the remaining bird?	After the priest sprinkled the mixture over the diseased person seven times, he released the living bird to fly into the fields.
14:8-9	c292				What must the person being cleansed do after the priest has pronounced him clean?	The person being cleansed must wash his clothes, shave all of his hair, bathe himself in the water, and remain outside his tent for seven days.
14:9-10	bw8d				On the eighth day, what animals should the person being cleansed bring to the priest?	On the eighth day, the person being cleansed must take to the priest two perfect male lambs and one perfect female lamb a year old.
14:21	cqag				If the person being cleansed is poor and cannot afford these sacrifices, what must he bring?	If the person being cleansed is poor and cannot afford the lambs, he must bring one lamb, one tenth of an ephah of fine flour mixed with oil, and a log of oil.
14:28-29	b7me				Where does the priest place the oil that is used in the cleansing?	The priest places the oil on the lobe of the right ear and on the right thumb and on the right big toe. The remainder he should put on the head of the one being cleansed.
14:44	x6sp				When must a priest pronounce a house to be unclean?	A priest house must pronounce a house unclean if a malignant infection has spread in the house.
14:44-45	yz7h				What must happen to the house if the infection is a malignant mold that spreads?	The owner must tear down the house and dispose of everything outside of the city if the infection is a malignant mold that spreads.
14:52	iqey				How can the house be pronounced clean if the infection is stopped?	The priest will be able to purify the house with the blood of the bird, the fresh water, the live bird, the cedar wood, the hyssop branches, and the crimson thread.
15:2-3	xr17				What did Yahweh say to Moses and Aaron was the condition of a man who has a flow of from his flesh?	Yahweh said to Moses and Aaron that any man who has a discharge coming from his genitals is impure.
15:7	iktj				What happens to the person who touches the person who is unclean because he had a discharge?	Anyone who touches the unclean person will be unclean himself and must bathe in water and wash his clothes, and he is unclean until evening.
15:13	wumb				In what kind of water must the person being cleansed from an infected flow of fluid bathe?	The person being cleansed from an infected flow of fluid must bathe in fresh water.
15:14-15	kmm2				What must the unclean man present to the priest for a sin offering and for a burnt offering?	The unclean man must present to the priest two doves or two pigeons, one for a sin offering and one for a burnt offering.
15:16-18	vxtt				What is the condition of anything or any person that has contact with a man’s semen?	They must be washed in water and will be unclean until evening.
15:19	twho				How long will woman be impure as she menstruates?	She will be impure for seven days.
15:24	bgqm				How long will a man be unclean if he sleeps with a woman who is menstruating, and her flow touches him?	He shall be unclean for seven days, and every bed on which he lies shall be unclean.
15:29	ru4f				What is a woman to bring as a sacrifice on the eight day after her flow of blood stops?	She is to bring to the priest, to the entrance of the tent of meeting, two doves or two pigeons.
16:2	jjx9				What did Yahweh tell Moses to warn Aaron not to do regarding entering into the Most Holy Place inside the curtain?	Yahweh told Moses to warn Aaron not to enter into the Most Holy Place, where Yahweh is present inside the curtain at just any time, so that Aaron will not die.
16:3	poqf				What must Aaron bring with him when he enters the Most Holy Place?	Aaron must bring with him a bull for a sin offering and a ram as a burnt offering.
16:4	s2p7				What must Aaron do before he puts on the priestly garments?	Aaron must wash himself in water before putting on the priestly garments.
16:5	dspg				From whom must Aaron acquire two male goats and one ram?	Aaron should take two male goats and a ram from the flocks of the Israelite community.
16:8	w765				Why must Aaron cast lots for the goats?	Aaron casts lots for the goats to choose which one to offer to Yahweh and which one to be the scapegoat.
16:10	zsfa				What happens to the goat to which the lot falls to be the scapegoat?	The goat that the stones determine to be the scapegoat must be presented before Yahweh to make atonement by sending it away into the desert.
16:11	hkxk				For whom does Aaron present the bull?	Aaron presents the bull as a sin offering for himself and his family.
16:13	j8wp				What must cover the atonement lid of the Box of the Testimony so that Aaron will not die?	A cloud of incense must cover the atonement lid so that Aaron will not die.
16:17	phox				Who else must be in the tent with Aaron when he makes atonement in the most holy place?	No one else must be in the tent when Aaron makes atonement in the most holy place.
16:21	w85g				What must Aaron do when he places his hands on the head of the living goat?	Aaron must confess over the living goat all the iniquity of the people of Israel, all their rebellion and all their sins.
16:23	xjma				What is Aaron to do with the priestly garments?	Aaron is to take off the priestly garments and leave them in the tent of meeting.
16:29-30	bz24				When did Yahweh say the day for making atonement should take place?	On the tenth day of the seventh month, he will make atonement for you to cleanse you from all your sins.
17:3-4	fkkv				If a man kills an ox, lamb, or goat without bringing it to the entrance of the tent of the assembly to offer it as a sacrifice to Yahweh, of what sin is he guilty?	The man who kills an ox, lamb, or goat without bringing it to the entrance of the tent of the assembly to offer it as a sacrifice to Yahweh is guilty of shedding innocent blood and must be cut off from his people.
17:5	stxy				What was the purpose of this command?	The purpose of this command was to get the people to offer their sacrifices to Yahweh in front of the tent of meeting instead of in the open fields.
17:7	ivs6				What would this statute end?	This statute would stop the people from offering sacrifices to the goat idols.
17:11	y85u				What does Yahweh say makes atonement?	Yahweh says that the blood makes atonement.
17:13	qu3n				What does Yahweh say must be done to any animal or bird that is killed to eat by any of the people of Israel or any foreigner who lives among them?	Yahweh says that any of the people of Israel or a foreigner living among them who kills an animal or bird to eat must pour the blood from it and cover the blood with soil.
17:15	a8m5				What must a person do who has eaten an animal that has died or been torn apart by animals?	A person who has eaten an animal that has died or has been torn apart by animals must wash his clothes and bathe in water, and he will remain unclean until evening.
17:15-16	okzk				What must he do if he does not wash his clothes and bathe himself in water?	If he does not wash his clothes and bathe himself in water, then he is now responsible for addressing his wrongdoing.\n\n.
18:3	loww				What two places did Yahweh tell the people they could not behave like the people there?	Yahweh told the people of Israel they could not behave like the Egyptians or Canaanites.
18:6	kbxn				What is one group of people with whom God forbade Israelites to have sexual relations?	Yahweh told the people they could not have sexual relations with any close relative.
18:19	nnvc				Why is a man not to have sexual relations with a woman during her menstruation?	A man may not have sexual relations with a woman during her menstruation, because during that time she is unclean.
18:21	drgt				What may the people not sacrifice to Molech?	The people may not sacrifice their children to Molech.
18:22-23	ppxe				What two sexual relations do verses 22 and 23 forbid?	Verses 22 and 23 forbid sexual relations with other men or animals.
18:28	g1l6				What happened to the people who lived in the land before the people of Israel?	The people, those who lived in the land before the people of Israel, defiled the land, and the land vomited them out.
18:29	oxoa				What will happen to any of the people or the foreigners who live among them who do any of these detestable things?	God will remove from his people any of the people who do any of these abominable practices.
19:3-4	fwf4				What two things did Yahweh tell the people they must do?	Yahweh told the people that they must respect their father and mother, and everyone should practice the Sabbath days and honor them.
19:10	nanf				Why did Yahweh tell the people to leave the corners of their fields unharvested and to leave some of the grapes on the vine or on the ground?	The unharvested grain and grapes must be left for the poor and the immigrants.
19:15	pk8w				To whom should the people not show favoritism?	The people should not show favoritism to someone because he is poor or rich, but instead judge the neighbor righteously.
19:18	yj3t				What are the people to do instead of taking vengeance or holding a grudge?	Instead of taking vengeance or holding a grudge, the people are to love their neighbor as themselves.
19:19	qh37				What must the people do when planting seeds in the field?	When planting in the field, the people must not plant two kinds of seed in the same field.
19:25	k3s6				How long must a planter of a fruit tree wait before he can eat the fruit?	A planter of a fruit tree must wait until the fifth year before he can eat the fruit of the tree.
19:27	rvrv				What were the people told not to do?	The people were told not to shave the corners of their heads and or trim the corners of their beads.
19:32	idht				Whom did Yahweh tell the people to arise before and honor?	Yahweh told the people to rise before a person with gray hair and honor elderly people.
19:34	obc8				Why did Yahweh say that the people of Israel should love the immigrants as they love themsleves?	Yahweh told the people to love the foreigner because the people of Israel were once foreigners in the land of Egypt.
20:2	hi1v				What would happen to anyone among the people of Israel who gives their child to Molech?	Anyone who gives their child to Molech the people living in Israel should kill by throwing stones at him.
20:3	mcs7				What would Yahweh do to the man if the people did not put him to death?	If the people do not put him to death, Yahweh says he will cut him off from his people.
20:6	s6hp				To whom did Yahweh tell the people not to turn?	Yahweh told the people not to turn to the mediums and spiritists, those who talk to the dead.
20:13	zcoc				What was the result of a man having sexual relations with another man?	A man who has sexual relations with another man has done something abominable and both must be executed.
20:15-16	sybc				If a woman has sexual relations with an animal, what must be done?	The woman and the animal must be executed.
20:24	iz4t				How did Yahweh describe the land that he had given the people of Israel?	Yahweh called the land “a land flowing with milk and honey.”
21:1-3	qpjv				For the death of which person must a priest make himself unclean?	A priest should make himself unclean for the death of a very close relative.
21:5	tf9z				What restrictions were placedon the priests concerning their hair and beards?	Priests were not allowed to shave their heads or the edges of their beards.
21:9	chth				What would happen to a priest’s daughter who defiled herself by becoming a prostitute?	A priest’s daughter who disgraces her father by becoming a prostitute must be burned.
21:10-11	rfa9				What must a high priest avoid even if the dead person is his father or mother?	A high priest must not make himself unclean by entering a place where there is a dead body, even if his father or mother has died.
21:14	wvsg				What kind of woman must the priest not marry?	The priest must not marry a widow, a divorced woman, or a woman who is a prostitute.
21:18-20	xo3m				What kind of man did Yahweh not want to approach him to perform the offerings?	Yahweh did not want any man with a bodily defect to approach him.
22:2-3	l8nk				Who does Yahweh he will cut off from before his face?	Yahweh says that no priest, while he is impure, should ever approach the sacred altar to present a sacrifice. If he does, that person shall be cut off from before Yahweh's face.
22:6	p7gr				What must a priest do when he touches anything that makes him unclean?	He must consider himself to be unclean until the evening, and he must not eat any of the special food set aside for the priests unless he first bathes himself.\n
22:9	lflc				What will happen to priests who do not follow Yahweh’s instructions?	Yahweh says that he will hold them responsible for their wrongdoing and kill them.
22:10-11	ki5r				Who are the only people who may eat the sacred food?	The only persons who may eat anything that is holy are the priest and his family and slaves he bought or who were born in his household.
22:13	se0c				Can a priest’s daughter who has married someone who is not a priest eat the holy food?	She may not eat the holy food unless she is divorced or widowed without children and returns to live in her father’s house.
22:14	ymvf				What must a man do who eats holy food by mistake?	If a man eats holy food by mistake, he must repay the priest to whom the food belonged and add one-fifth to the value of it.
22:18-19	ouup				What kind of animal would be accepted as a sacrifice?	It must be a male animal without blemish from the cattle, sheep, or goats.
22:20	c294				What is the most important requirement for any animal that is to be sacrificed to Yahweh?	Any animal sacrificed to Yahweh must be unblemished.
22:27	scya				How old must a calf, sheep, or goat be to be offered as a sacrifice to Yahweh?	A calf, sheep, or goat must be at least eight days old to be offered as a sacrifice to Yahweh.
22:30	m5n9				When must a thank offering be eaten?	It must be eaten on the same day that it is sacrificed.
23:3	d5fp				What does Yahweh say about work and the Sabbath?	Yahweh says that people may work for six days, but the seventh day, the Sabbath, is to be a day of rest.
23:5	jeog				What festival is to be celebrated on the fourteenth day of the first month?	The Passover to honor Yahweh is to be celebrated in the first month on the fourteenth day.
23:6	sapw				What festival follows Passover on the fifteenth day of the first month?	The Festival of Unleavened Bread follows Passover on the fifteenth day of this month.
23:10	mx5a				What must the people bring to the priest after the first harvest in the land that Yahweh is going to give them?	The people must bring to the priest a sheaf of the first of your harvest in the land that Yahweh is going to give them.
23:27	nayf				What date did Yahweh set for the Day of Atonement?	Yahweh set the tenth day of the seventh month as the Day of Atonement.
23:31	pwn7				What must the people not do on the Day of Atonement?	The people must not do any work on the Day of Atonement.
23:34	zhqt				What festival did Yahweh say would take place on the fifteenth day of the seventh month?	Yahweh said that the Festival of Shelters for Yahweh would take place on the fifteenth day of the seventh month.
23:40	i23a				What must the people use to rejoice during the Festival of Shelters for Yahweh?	The people must use the best fruit from their trees, branches of palm trees, boughs of leafy trees, and willows from riverbanks to rejoice before Yahweh for seven days.
23:42	pclt				Where were the people of Israel to live during the Festival of Shelters?	The people of Israel were to live in small shelters for the seven days of the Festival of Shelters.
24:3	y9mn				What must Aaron do with the pure oil the people are to bring him?	Aaron must keep a lamp burning outside of the curtain of the testimony in the tent of meeting from evening until morning continually.
24:5-6	p5b7				What must the priest place in two rows of six each Sabbath?	Each Sabbath, the priest must place on the gold table twelve loaves of bread in two rows of six.
24:9	hcuu				Who is allowed to eat the offering of the twelve loaves?	Aaron and his sons must eat it in the holy place.
24:14	maqm				What were the people of Israel told to do to the man who blasphemed Yahweh?	Yahweh told the people of Israel to take the man outside the camp, place their hands on him, and stone him to death.
24:17	g1bs				What must happen to a man who kills another man?	He must certainly be put to death.
24:19-20	d22r				What did Yahweh say must be done to anyone who causes death or injury to another person?	Yahweh said to the people that what they have done to another should be done to them; an eye for an eye, a tooth for a tooth.
25:4	oh1a				What did Yahweh say should be done after the fields and vineyards are planted, pruned, and harvested for six years?	Yahweh said that after six years of planting, pruning, and harvesting the fields and vineyards, in the seventh year there should be a Sabbath rest for the fields and vineyards.
25:9	eb24				What must be done on the forty-ninth year, the tenth day of the seventh month?	A loud trumpet must be blown everywhere during the forty-ninth year, on the tenth day of the seventh month.
25:10	cnvf				What will the fiftieth year be called?	The fiftieth year will be called a year of jubilee.
25:10	hjps				What significant event must take place during a jubilee year?	During the jubilee year, property and slaves should be freed and returned to their families.
25:12	dp2k				What should be eaten during the jubilee year?	Only the food that grows by itself should be eaten during the jubilee year.
25:15-16	n9db				What must the people consider when buying or selling land?	People should consider how many years there are to the next jubilee year. The more years there are, the more valuable is the land, because you are selling the number of crops you can harvest until the next jubilee.
25:21	mizs				How will Yahweh take care of his people during the seventh year, the Sabbath year, when crops are not to be grown?	Yahweh told the people that the harvest the sixth year will be enough crops to feed for them for three years, so there would be food for the seventh year.
25:23	asen				What did Yahweh say to the people about permanent ownership of land?	Yahweh said the land must not be sold permanently to a new owner, because the land belonged to him.
25:30	ftwf				What property is not to be returned during the jubilee year?	After a year, a house bought in a walled city will become permanent property of the man who bought it.
25:35-36	ylzc				How are the people to treat a fellow countryman who becomes poor and can no longer provide for himself?	The people are to help him and not charge him interest or try to profit from him in any way.
25:40	xqz8				How should the people treat a fellow countryman who has sold himself as a slave?	A fellow countryman who has sold himself as a slave the people should treat as a hired servant, not made to work like a slave.
26:1	fywu				What does Yahweh tell the people they should not make?	Yahweh says to the people they should not make idols.
26:3-4	f3oa				What must the people do to make sure Yahweh sends rain and harvest?	Yahweh says the people must walk in his laws and keep his commandments in order to receive his rain and harvest.
26:6	td3w				What will Yahweh do to make the people safe?	Yahweh will remove the dangerous animals and cause there to be no raids or wars in the land.
26:12	q64i				If the people do what Yahweh tells them to do, what does he promise to do for them?	If the people do what Yahweh tells them to do, he promises to walk among them and be their God. They will continue to be his people.
26:15-16	vc0v				What kind of disease and fever does Yahweh say he will send on Israel if they do not obey his commandments?	Yahweh says he will send disease and fever that would make them blind and slowly kill them if they did not obey his commandments.
26:18	e922				What does Yahweh say he will do if the people refuse to obey his commandments and decrees?	Yahweh says if the people will not listen to him, he will punish them again and again for their sins.
26:18-19	o4v7				What did Yahweh say he would do to the weather if Israel did not obey his commandments?	Yahweh said he would make the sky over them like iron (drought) and the land as hard as bronze.
26:21-22	xcyk				Yahweh said if Israel wouldn’t listen to him, he would send dangerous animals against them. What did Yahweh say those animals would do?	Yahweh said those animals would kill their children, destroy their cattle and make them few in number.
26:40-42	v9m1				If the people do not obey Yahweh, have they lost all hope?	No. Yahweh says that if the people will confess their sins, the sins of their fathers, and their unfaithfulness to Yahweh, and humbly admit they are guilty, he will keep the covenant he made with Jacob, Isaac, and Abraham.
26:44	tku5				In spite of their sin, what does Yahweh promise to do?	Yahweh promises not to reject them or detest them so as to completely destroy them and do away with the covenant he made with them, because he is still Yahweh their God.
27:2-4	zy0u				What is the purpose of the standard value?	The purpose of the standard value is to determine how much someone must pay to free another person from a vow to belong only to Yahweh.
27:3	mah3				What is the standard value of a man between the ages of twenty and sixty?	A man between the ages of twenty and sixty has a standard value of fifty shekels of silver.
27:4	a1mf				What is the standard value of a woman between the ages of twenty and sixty?	A woman between the ages of twenty and sixty has the standard value of thirty shekels.
27:8	ivzh				What if the one making the vow is unable to afford the standard value of the person he had dedicated?	If the one making the vow is not able to afford the standard value, he must take that person to the priest and the priest will set the price for freeing him to an amount that the person can pay.
27:11-16	pr83				What other things may the priest value that are to be presented to Yahweh?	The priest may also value an animal to be presented for sacrifice, a man’s house, or some of his land.
27:23	hq8s				What must a man do with a field he has sanctified to Yahweh in the year of the jubilee?	When a man has sanctified a field to Yahweh and the year of the jubilee comes, the priest will figure the estimated value of the field up to the year of the jubilee and the man must pay its value on that day as a holy gift to Yahweh.
27:26	y8fd				Which of the animals belongs only to Yahweh?	The firstborn of all the animals belongs only to Yahweh.
27:28	yuyi				What part of the things dedicated to Yahweh may be sold or redeemed?	Nothing dedicated to Yahweh may be sold or redeemed.
27:31	fme7				If a man redeems any of his tithe, what must he add to it?	If a man redeems any of his tithe, he must add a fifth to its value.
