Reference	ID	Tags	Quote	Occurrence	Question	Response
1:1	xeo7				By whom did the word of Yahweh come to Israel?	The word of Yahweh came by Malachi.
1:2-3	prds				Whom did Yahweh love, and whom did he hate?	Yahweh loved Israel, Jacob, and he hated Esau.
1:4-5	z2um				How would Israel respond when Yahweh would throw down the rebuilt ruins of Edom?	Israel would respond by saying, “Great is Yahweh beyond the borders of Israel”.
1:6-7	igkk				As Israel’s father and master, what did Yahweh ask the priests?	Yahweh asked the priests where was the honor and reverence due his name, and why they despised his name and his table.
1:8-9	j1wo				How would Yahweh respond to offerings of blind, lame, and sick animals?	Yahweh would not accept blind, lame, and sick offerings, nor show favor or graciousness to Israel for them, nor receive Israel for offering them.
1:10-11	jl5y				Why would Yahweh prefer that one of the Israelites shut the temple gates to prevent them from lighting fires on his altar in vain?	Because Yahweh’s name was going to be glorified among the nations, and in every place the nations were going to offer pure offerings unlike the offerings from the hands of the Israelites.
1:13	cbbn				How did the priests regard the service of Yahweh?	They regarded it as tiresome, and they disdainfully snorted at it.
1:14	vo7g				Why did the Lord curse the deceiver who vowed to sacrifice a male animal in his flock and instead gave a flawed animal?	Because Yahweh is a great King, and his name is feared among the nations.
2:3-4	gd86				By what would the priests know that Yahweh had commanded them to take it to heart to give glory to his name?	They would know by the curse of Yahweh on their blessings, and by him spreading dung on their faces.
2:7	oy7a				Why did Levi honor Yahweh, stand in awe of Yahweh’s name, have true teaching in his mouth rather than unrighteousness, walk with Yahweh in peace and uprightness, and turn many away from sin?	Because the priest should guard knowledge as the messenger of Yahweh.
2:8-9	nak4				How did the priests corrupt the covenant of Levi and not keep Yahweh’s ways?	The priests did so by showing partiality in their instruction.
2:10-12	jfr6				Who would Yahweh cut off from the tents of Jacob?	Yahweh would cut off any man who dealt treacherously against his brother or who married the daughter of a foreign god, and then brought an offering to Yahweh.
2:14-15	e49l				Why did Yahweh not accept Israel’s offerings?	Because Israel had dealt treacherously with the wife of his youth.
2:15-16	uff6				Why did Yahweh command the Israelites to guard themselves in their spirit and not be faithless?	Because Yahweh had made Israel and his wife one in order to have godly offspring, and because Yahweh hated divorce and him who covers his garment with violence.
2:17	bzrx				How did the Israelites weary Yahweh with their words?	They wearied Yahweh with their words by saying that he who does evil is good in Yahweh’s sight and he delights in them, and by asking where the God of justice was.
3:1	gqtx				What would happen after Yahweh sent his messenger of the covenant who would prepare his way?	The Lord, whom Israel sought, would suddenly come to his temple.
3:3	bu7o				When would the offering of Judah and Jerusalem be pleasing to Yahweh?	It would be pleasing after the purification of the sons of Levi, when they were refined like gold and silver.
3:4-5	gugl				After the offerings of Judah and Jerusalem were pleasing to Yahweh through the purification of Levi’s sons, would would Yahweh do?	He would draw near to Israel for judgment and be a swift witness against those who did not honor him.
3:6-7	hw3y				Even though the people of Jacob had turned aside from Yahweh’s ordinances, why had they not been consumed?	They had not been consumed because Yahweh does not change.
3:7	da8x				How had Israel turned away from Yahweh?	They had turned away by not keeping his ordinances.
3:8	dfdn				How had Israel robbed God?	They had robbed God in tithes and offerings.
3:10-12	n7dm				What did Yahweh promise would happen if Israel brought the full tithe into the storehouse?	Yahweh promised that he would rebuke the one who devours you, and that all the nations would call Israel blessed.
3:13-15	liv2				How had the Israelites spoken against Yahweh?	They had said that serving God is pointless because the arrogant and evildoers prosper even when they tempt him.
3:17	gdfl				Who did Yahweh say would belong to him and be spared?	Yahweh said that those who feared Yahweh and esteemed his name would belong to him and be spared.
3:17-18	m130				On the day that Yahweh would act, what would happen?	The Israelites would again distinguish between the righteous and the wicked, and between one who worships God and one who does not worship him.
4:1-2	tkcs				On the day that was coming, burning like a furnace, what would happen to the proud and evildoers?	The proud and evildoers would become stubble, being burnt up.
4:2	c0n3				For whom would the sun of righteousness rise?	The sun of righteousness would rise for those who feared Yahweh’s name.
4:2-3	gnel				What would those who feared Yahweh’s name do on the day that Yahweh acted?	They would go out leaping like calves from the stall and tread down the wicked.
4:4	cf6t				What did Yahweh command all Israel to do?	He commanded them to remember and obey the law of his servant Moses.
4:5-6	l5zj				What would Yahweh do before the day of Yahweh?	He would send Elijah to turn the heart of the fathers to the children, and the heart of the children to their fathers, so that Yahweh would not curse the land.
