Reference	ID	Tags	Quote	Occurrence	Question	Response
1:1	z0ug				Who was the author of these proverbs?	Solomon, the king of Israel, was the author of these proverbs.
1:3	k8tm				How do these proverbs teach people to live?	These proverbs teach people about what is insightful, righteous, just, and honest.
1:5	isx5				What can the wise and understanding receive by listening to these proverbs?	Wise people can increase their learning, and understanding people can acquire guidance by listening to these proverbs.
1:7	u918				What is the beginning of knowledge?	The fear of Yahweh is the beginning of knowledge.
1:8	dd5i				To whose instruction should a son listen?	A son should listen to instruction from his father and mother.
1:10	pw0t				What should a son do if sinners try to entice him to sin?	A son should refuse to follow those who try to entice him to sin.
1:11-13	igjt				With what do those who are sinning plan to fill their houses?	Those who are sinning plan to fill their houses with what they steal from others.
1:15-16	xnpe				What do those who are sinning hurry to do?	Those who are sinning hurry to do wicked things.
1:19	i9yz				What does unjust gain do to those who gain unjustly?	Unjust gain will kill those who gain unjustly.
1:20-21	hcam				Who calls out in the streets, open areas, and city gates?	Wisdom calls out in open areas where busy streets intersect and at the entrance of the city gates.
1:24-25	ua8z				What did those who lacked wisdom do when Wisdom called out to them?	Those who lacked wisdom ignored what Wisdom said and refused to listen when Wisdom called out to them.
1:26	ycub				What will Wisdom do when calamity comes on those who lack wisdom?	Wisdom will laugh when calamity comes on those who lack wisdom.
1:28	eyy6				What will Wisdom do when those who lack wisdom call upon her?	Wisdom will not answer when those who lack wisdom call upon her.
1:31	ltiu				With what will those who lack wisdom be filled?	Those who lack wisdom will suffer rightly for their plans and for what they have done.
1:33	e2i3				How will those live who listen to Wisdom?	Those who listen to Wisdom will live safely and not dread evil.
2:1	u1uo				What does the father want his son to store up as precious?	The father wants his son to consider his commandments to be precious.
2:3-4	hi26				How should the son seek and search for insight and understanding?	The son should seek insight and understanding as silver, and search for it as a hidden treasure.
2:4-5	alr2				If the son seeks and searches for understanding as silver, what will he find?	The son will find the knowledge of God.
2:6-7	uagq				What is Yahweh for those who walk in integrity?	Yahweh is a shield for those who walking with integrity.
2:9-10	t7vt				When wisdom comes into the son’s heart, what will he understand?	The son will understand righteousness, justice, and integrity.
2:11-12	o2o9				From what will discretion and understanding rescue the son?	Discretion and understanding will rescue the son from the way of evil and from people who speak perversely.
2:13	r2yl				What do those who walk in the ways of darkness forsake?	Those who walk in the ways of darkness forsake the paths of straightness, they refuse to behave righteously.
2:16-17	zla9				What does the strange woman forsake and forget?	The strange woman forsakes the companion of her youth and forgets the covenant of her God.
2:18	tli0				To where do the immoral woman’s tracks lead?	The immoral woman’s tracks lead down to death.
2:20	t1zc				In whose way should the son walk?	The son should walk, or behave like a righteous person.
2:21	mb2l				What will happen to those who live uprightly?	People who live uprightly will stay in this land for a long time.
2:22	xet3				What will happen to those who are wicked?	Those who are wicked will be removed from the land.
3:1-2	xwxl				What will the father‘s commands and teachings add to his son?	The father‘s commands and teachings will add years of life and peace to his son.
3:3	tvq5				Where must covenant faithfulness and trustworthiness be written?	Covenant faithfulness and trustworthiness must be written on the tablet of one’s heart.
3:5	fc9k				On what must the son not lean?	The son must not lean on (rely on) his own understanding.
3:7	hmyj				How must the son not see himself?	The son must not see himself as wise.
3:9	utxa				What must the son do with his wealth?	The son must honor Yahweh with his wealth.
3:12	np0i				Whom does Yahweh discipline?	Yahweh disciplines those whom he loves.
3:13-14	dtws				What benefits people more than having silver or gold?	Being wise benefits people more than silver could benefit them.\nIndeed, being wise is worth more to people than having gold.\n\n
3:17	bxw4				What are all the paths of wisdom?	All the paths of wisdom are peace.
3:19	xxo9				What did Yahweh do by being wise?	Yahweh made the world through being wise.
3:21-22	qbs3				What will be life to the son’s soul?	Prudence and discretion will be life to the son’s soul.
3:24	ta2e				If the son walks in wisdom, what will happen when he lies down?	When he lies down, he will not fear anything, and he will sleep peacefully.
3:25	svw3				Of what should the son not be afraid?	The son should not be afraid of sudden dread or devastation.
3:27	nc9i				What should the son do for those who deserve it?	The son should not withhold what is good from people who deserve it.
3:29	fi7h				What should the son not do to his neighbor?	The son should not make a plan to harm his neighbor.
3:32	dtfi				Who does Yahweh detest?	Yahweh detests people who act wickedly.
3:34	r2k4				What does Yahweh do to the mockers?	Yahweh himself mocks the mockers.
3:35	dsoj				What do the wise inherit?	The wise inherit honor.
4:1-2	tmn2				What should the sons not forget?	The sons should not forget their father’s instruction.
4:4	r4bq				How did the father tell the son he would live?	The father told the son he would live by keeping the father’s commands.
4:6	ydb8				What will Wisdom do for the son if the son does not forsake her, but loves her?	Wisdom will watch over him and keep him safe.
4:8-9	j6do				What will Wisdom do for the son if the son cherishes and embraces her?	Wisdom will honor him, as if putting a crown of splendor on his head.
4:11	wq5p				In what way did the father teach the son?	The father taught the son in the way of wisdom and directed him in how to live in the right way.
4:13	u65y				On to what must the son grasp, for it is his life?	The son must consistently remember the things his father has instructed him, for it is his life.
4:14-15	j6oh				What path must the son avoid?	The son must avoid the path of the wicked ones.
4:16	jfag				What do the wicked do before they can sleep?	The wicked feel that they must do evil before they can sleep.
4:18	zapt				What is the path of the righteous like?	The path of the righteous is like the light of the sun that grows brighter until the brightest time of day.
4:19	hn6m				What is the way of the wicked like?	The way of the wicked is like the darkness.
4:23	byi6				Why must the son guard his heart extremely carefully?	The son must guard his heart extremely carefully, for from it are the sources of life.
4:24	eohu				What kind of speech and talk must the son put away?	The son must put away speech that deceives or misleads people.
4:25	afop				Where must the son focus his gaze?	The son must focus his gaze on doing what is right.
5:1-2	deja				What will the son learn if he listens carefully to what he should understand?	If he listens carefully to what he should understand, the son will learn to be able to choose wisely what to do, and to know the right things to say.
5:3-4	dmo2				What will happen to you after being with an adulteress woman?	After being with such a woman you will be miserable, as if you had eaten a bitter plant.
5:5	sbry				To where are such a woman’s feet going?	Her feet are going down to death.
5:7-8	a0q2				What advice does the father give the sons about getting near any adulterous woman?	The sons are to keep far away from any adulterous woman and not even go near her house.
5:9	txtp				What will the son give away if he goes to such a woman?	If he goes to such a woman, the son will give away the best efforts of his youth.
5:11	lx98				What will happen at the end of his life if the son becomes involved with an adulterous woman?	If the son becomes involved with an adulterous woman, he will groan when he is about to die.
5:12	uaqb				What will the son say at the end of his life if he becomes involved with an adulterous woman?	If he becomes involved with an adulterous woman, he will say that he hated correction and despised rebuke.
5:15	vl1f				From where should the sons drink?	The sons should only drink water from their own well, which means to have sex with his wife only.
5:18	gqg6				Whom should the son enjoy sexually?	The father tells the son to enjoy sexually the woman whom he married when he was young.
5:18-19	vf9w				With what should the a son be exhilarated?	He should be exhilarated by how the wife of his youth loves him.
5:21	zw3j				What does Yahweh observe?	Yahweh knows everything that people do.
5:22	i5h7				What will capture and grasp the wicked person?	The wicked things that the wicked one does will capture him and his sin will be like cords that grasp him.
6:1-2	caus				How could the son be caught by what he says with his mouth?	The son could regret what he says if he guarantees a loan for a stranger.
6:3	ydqt				What must the son do to save himself?	To save himself the son must humbly go to that person and beg him to cancel what the son has promised.
6:6	ao7t				From what should a lazy person learn?	A lazy person should consider the ant, see its ways, and learn to be wise.
6:8	jn29				What does the ant do in the summer?	In the summer, the ant gathers and stores food to eat during the winter.
6:9,11	um2r				What will happen to the lazy person who does not rise from his sleep?	He will become poor and needy just as surely as if a thief has robbed him.
6:12	k9ou				How would you describe worthless people?	Worthless, sinful people are people who constantly deceive other people by what they say.
6:14-15	aw8t				What will happen to the wicked man because of his evil plots?	He will be suddenly destroyed and unable to recover.
6:16	ugrk				How many things does Yahweh hate and how many things are abominations to him?	There are six things that Yahweh hates, seven that are abominations to him.
6:18	nj3m				What kind of heart does Yahweh hate?	Yahweh hates the heart of someone planning ways to act sinfully.
6:19	e9oo				What kind of witness does Yahweh hate?	Yahweh hates the witness who lies when testifying.
6:23	d69q				To what are commandment and law likened?	Commandment is likened to a lamp and the law is likened to a light.
6:26	ex9v				What can having sex with the wife of another cost the son?	Having sex with the wife of another will cause him to die.
6:30	n8pq				Why might people not despise a thief if he steals?	People do not despise someone who steals if he only steals food because he is hungry.
6:32	rf8n				Who does a man who commits adultery destroy?	A man who commits adultery with a woman destroys himself.
6:34-35	ox13				What will the one who takes revenge against adultery not accept?	That jealous husband will not accept any money to stop being furious, no matter how much money you offer him.
7:1-2	ffn5				What must the son keep in order to live?	The son must keep his father’s sayings and commandments to live.
7:4-5	a8xa				From whom do Wisdom and Understanding keep the son?	Wisdom and Understanding keep the son from immoral women who speak to him seductively.
7:6-7	yqen				Who did Solomon notice as he looked out through the window?	Solomon noticed a young man who does not think wisely.
7:10	wxxj				What was the woman wearing who approached the young man?	She was wearing a prostitute’s clothing.
7:12	zhnt				What does the woman do at every corner?	At the corner of any road, she waits for a man whom she can seduce.
7:14	p9te				What had the woman done that day?	That day, the woman had sacrificed an animal.
7:15	f2qz				For what does the woman look everywhere?	The woman is looking everywhere for the young man.
7:18	ogwd				What does the woman invite the young man to do?	The woman invites the young man to come with her so they can satisfy themselves with lovemaking until the morning.
7:19	ng1y				Where is the woman’s husband?	The woman’s husband is away from home on a long journey.
7:22	ttvq				In what way does the young man follow after the woman?	The young man follows quickly after the woman, going like an ox to its slaughter.
7:23	j20k				What will the young man’s actions cost him?	The young man’s actions will cause him to die.
7:25	raeo				What wise instruction is the young man given about an adulterous woman?	He is instructed to not desire her and to never go with her.
7:27	phbs				What will happen to those who enter her bedroom?	Those who enter her bedroom will die as a result.\n
8:1-2	xaby				Who calls out beside the road?	Wisdom calls out next to the crowded crossroads where everyone can hear her.
8:4	hrlw				To whom does Wisdom call?	Wisdom calls to all people.
8:6	rs75				What kinds of things does Wisdom speak?	Wisdom speaks of noble things and of what is right.
8:11	dmoh				What is wisdom more valuable than?	Wisdom is more valuable than having precious jewels.
8:13	a3z6				What do those who fear Yahweh hate?	Those who fear Yahweh hate evil, pride, arrogance, and perverted speech.
8:15-16	jjlv				How do kings and princes who have Wisdom rule?	Kings and princes who have Wisdom rule well.
8:19	jf2t				What is the fruit of Wisdom better than?	The fruit of Wisdom is better than purest gold and the best silver.
8:21	g90e				What will Wisdom give to those who love her?	Wisdom will give an inheritance to those who love her.
8:23	my2z				When was Wisdom established?	Wisdom was established a very long time ago, before the world existed.
8:26-27	bf53				Where was Wisdom when Yahweh made the earth and heavens?	Wisdom was there when Yahweh made the earth and heavens.
8:30	y7qi				What was Wisdom doing beside Yahweh when he made everything?	Wisdom was beside Yahweh helping him to create everything.
8:31	ctc4				What was Wisdom’s delight?	Wisdom’s delight was the people he made.
8:35	dg6v				What does one who finds Wisdom also find and obtain?	One who finds Wisdom also finds life and obtains favor from Yahweh.
8:36	vl3u				What happens to the who fails to find Wisdom?	One who fails to find Wisdom hurts himself.
9:1	fo3i				What has Wisdom built?	Wisdom has built her own house.
9:3-4	ob8p				To whom are the invitations that Wisdom sends out directed?	The invitations Wisdom sends out are directed to those who are not wise.
9:6	ru37				What does Wisdom say to forsake?	Wisdom says to stop acting naively so that you can live well.\n
9:8	kld0				What happens to one who rebukes a mocker?	If you rebuke a mocker, that person will hate you.
9:8	t5zk				What happens to one who corrects a wise person?	If you correct a wise person, that person will love you for doing so.
9:10	bowx				What is the beginning of wisdom?	The fear of Yahweh is the beginning of wisdom.
9:10	yyoq				What is understanding?	The knowledge of the holy things is understanding.
9:13	cc5f				What are the characteristics of a foolish woman?	A foolish woman speaks loudly, acts naively, but she does not know anything.
9:18	uvpb				Who are in the foolish woman’s house?	Those in the foolish woman’s house are now in the deepest parts of the place where dead people are.
10:1	hr42				How do fathers react to wise children?	Wise children make their fathers glad.
10:3	eya2				What does Yahweh do to the desire of the wicked?	Yahweh prevents wicked people from getting what they want.
10:4	n74v				What becomes of people who are lazy?	People who are lazy become poor.
10:6	l9hs				How does God treat righteous people?	God blesses righteous people.
10:8	d14s				What happens to people who speak foolishly?	People who speak foolishly destroy themselves.
10:12	cpsx				What does love cover?	Love covers over all transgressions.
10:13	hho6				What is found on the lips of a discerning person?	Wisdom is found on the lips of a discerning person.
10:17	lonw				What happens to people who do not let others correct them?	People who do not let others correct them do what will destroy them.
10:19	nk97				What happens when there are many words?	People who talk a lot sin a lot.
10:22	auav				In what does the blessing of Yahweh result?	It is because Yahweh is blessing them that people become wealthy.
10:25	wlei				What results when something disastrous happens?	When something disastrous happens, it destroys wicked people.
10:26	ig0t				How do lazy people impact those who send them to do something?	A lazy person is like smoke in the eyes that irritates those who send him.
10:27	he1o				How long will the years of the wicked ones be?	The years of the wicked ones will be short.
10:29	j4vy				Who does the way of Yahweh protect?	The way of Yahweh protects those with integrity who are honest people.
10:31	mp5g				What does Yahweh do to those who speak perversely?	Yahweh will stop people from speaking who speak perversely.
11:2	g3xw				What comes before disgrace?	Presumptuousness or acting proudly comes before disgrace.
11:4	mmw1				What is valuable when Yahweh punishes wicked people?	Righteousness, not wealth, is valuable when Yahweh punishes wicked people.
11:6	nmh2				What traps the treacherous people?	Desiring bad things will cause people who act treacherously to trap themselves.
11:8	csgn				What keeps a person away from distress?	A righteous person will be drawn away from distress.
11:9	vapj				How does the godless person destroy other people?	A godless person destroys others by what they say.
11:13	qgqr				What does a faithful person do instead of gossiping?	A faithful person will keep a matter private instead of gossiping.
11:15	etqx				What will happen if a person guarantees to pay a debt for someone they do not know?	A person who guarantees to pay a debt for someone they do not know will surely suffer.
11:18	eapz				What wage does a wicked person make?	The wage of a wicked person is falsehood because they falsely believe that they have gained something good.\n
11:20	r316				In whom does Yahweh delight?	Yahweh delights in those who act blamelessly.
11:21	qg00				Of what can everyone be certain?	It is certain that the wicked will be punished and the righteous will be safely escape punishment.
11:24	bcbg				What happens to the one who generously shares what they have with others.	Those who generously share with others receive even more.
11:28	bmk0				What happens to the one who trusts in his riches?	The one who depends on his riches will not be successful.
11:30	k3ad				What is a tree of life?	The fruit of the righteous, what righteous people say and do, is like a tree with fruit that keeps people alive.
11:31	g2z7				Who will receive what they deserve?	Those who are righteous will be repaid, and much more the wicked and the sinner will get what they deserve.
12:1	jorw				What does a person who accepts correction love?	A person who accepts correction loves learning what they should know.
12:2	fv4q				Whom does Yahweh condemn?	Yahweh condemns a person who plans to do what is evil.
12:4	c4nb				What is a husband’s crown?	A virtuous wife is a husband’s crown.
12:5	i3sd				What kind of directions do the wicked give?	The wicked give deceitful directions.
12:7	tt1u				What happens to the families of those who are righteous?	The families of the righteous will continue.
12:10	a1mo				Who is it that cares for their animals?	Righteous people care for their animals.
12:13	rv5o				What destroys an evil person?	The sinful things that wicked people say will destroy them.
12:15	sc89				How does a fool think of what he is doing?	A fool thinks that what he is doing is right.
12:18	oo8c				What are words spoken thoughtlessly like?	Words spoken thoughtlessly are like the thrusts of a sword; they hurt others.
12:20	cttj				What is in the heart of those who plan evil?	Deceit is in the heart of those who plan evil.
12:22	d0j0				What is an abomination to Yahweh?	Yahweh detests people who speak falsely.
12:24	zx0z				What happens to lazy people?	Lazy people will become forced laborers.
12:26	rwxd				Where does the way of the wicked lead them?	The way of the wicked leads them astray; by living wickedly, they destroy themselves.
12:28	adaw				What becomes of people who do what is righteous?	People who do what is righteous will live.
13:1	vwmv				To what does a wise son listen?	A wise son listens to his father’s instruction.
13:3	zjso				How does a person keep his life?	A person keeps his life by guarding his mouth.
13:4	jymx				Who wants things very much and gets very little?	A lazy person wants things very much and gets very little.
13:8	pmtu				What might a rich person have to do in order to stay alive?	A rich person might have to pay out of his riches as a ransom to someone who threatens him.
13:10	djv9				What happens with people who act proudly?	People who act proudly cause people to argue.
13:11	on91				What kind of wealth dwindles away?	Wealth that people gain without working for it will disappear.
13:14	zt5l				What benefits people throughout their lives?	The law of the wise, that which wise people teach, benefits people throughout their lives.
13:16	s6kb				How do prudent people show they are prudent?	The prudent think carefully before they do something.
13:18	up0r				What will happen to those who let other people rebuke them?	Those who let other people rebuke them for any bad behavior will be honored.
13:20	g904				With whom should a person walk in order to become wise?	In order to be wise, a person should associate with wise people.
13:22	l8xt				For whom is a sinner’s wealth stored up?	A sinner’s wealth is stored up for righteous people.
13:24	h4u2				How do parents treat their children if they love them?	Parents who truly love their children are careful to discipline them.
13:25	jec8				In what condition will the stomach of the wicked be?	The stomach of the wicked will be hungry.
14:1	d3jk				What do the wisest women do?	The wisest women help their families to thrive.
14:2	id5z				Who despises Yahweh?	People who behave deceptively show that they despise Yahweh.
14:5	r5ob				What will an honest witness not do?	A witness of who is honest will not lie.
14:7	our1				What will happen if you associate with foolish people?	If you associate with foolish people, you will not learn anything from knowledgeable people.
14:11	lv0q				What will happen to the house of the wicked?	The house of the wicked will be destroyed.
14:11	xqdu				What will happen to the tent of the upright?	The tent of the upright will flourish.
14:14	xx46				What will happen to people who refuse to live righteously?	People who refuse to live righteously will receive from Yahweh what they deserve from living that way.
14:16	xsj8				Does a fool turn away from trouble?	No, a fool confidently interferes in other people’s business.
14:17	iapn				What does someone do who quickly becomes angry?	A person who quickly becomes angry acts foolishly.
14:19	o0ck				To whom will evil people bow down?	Some day, evil people will bow down in front of good people.
14:22	sjz4				How does Solomon describe those people who plan to do good?	Those who plan to do good are faithful and trustworthy people.\n
14:23	si4l				What will people gain if they talk but don’t work hard?	If people work hard, they will gain from it, but if people only talk, they will remain poor.
14:27	msr5				What is a fountain of life?	The fear of Yahweh is a fountain of life which is like a refreshing spring that enables people to live well.
14:29	wm88				Who shows everyone how foolish they are?	People who quickly become angry show everyone how foolish they are.
14:31	ag8k				Who taunts his maker by his actions?	A person who oppresses poor people is taunting Yahweh, his maker.
14:34	kgu9				What kind of behavior makes a country great?	Acting righteously makes a country great.
15:1	n1x7				What kind of answer calms angry people?	Replying gently to angry people will calm them.
15:3	ntpa				Whom does Yahweh watch?	Yahweh watches both the evil and the good.
15:5	n3gs				What is a fool’s attitude toward his father’s correction?	A fool despises the correction of his father.
15:8	bgvk				What kind of sacrifice does Yahweh detest?	The sacrifice of the wicked is an abomination to Yahweh.
15:10	z22a				What happens to the person who forsakes God’s path?	Yahweh will severely punish the person who refuses to live righteously.
15:13	p3f0				What makes the face glad?	A joyful heart makes the face glad.
15:16	ocw6				What is better than being rich while worrying?	Being poor while reverently fearing Yahweh is better than being rich while worrying.
15:18	trda				What kind of person quiets a dispute?	A person who does not easily become angry will help people to be peaceful.
15:20	xlfh				How does a wise son affect his father?	A wise son gladdens his father.
15:22	a1oy				What causes people’s plans to succeed?	When many people advise them well, they will succeed.
15:25	rui0				What will Yahweh tear down?	Yahweh will tear down what a proud person owns.
15:28	e6g7				What does the righteous person do before answering?	The righteous person thinks carefully before answering.
15:31	a6n1				Where will the person live who behaves better after hearing a rebuke?	The person who behaves better after hearing a rebuke will live among people who are wise.
15:33	lh4k				What teaches a person to be wise?	A reverent fear of Yahweh teaches a person to be wise.
16:2	gg0t				How do all of a person’s ways appear to himself?	All of a person’s ways are pure in his own eyes.
16:4	imo9				For what has Yahweh made everything?	Yahweh has made everything for its purpose.
16:6	ipcy				By what is sin forgiven?	By covenant faithfulness and trustworthiness sin is forgiven.
16:9	edw4				Once a person plans out his way, what does Yahweh do?	A person plans out what he wants to do, but Yahweh determines what he will actually do.
16:12	s22m				How is a throne established?	A throne is established by righteousness.
16:14	ip8g				What is a messenger of death?	A king’s anger is a messenger of death.
16:16	anuj				What should be chosen more than gold and silver?	Wisdom and understanding should be chosen more than gold and silver.
16:18	a5kq				What causes people to ruin themselves?	Being arrogant causes people to ruin themselves.
16:20	dvrs				What makes a person happy?	A person who trusts in Yahweh is happy.
16:23	wkiy				What happens when the wise speak insightfully?	When the wise speak insightfully, what they say causes others to learn.
16:25	kvyn				Even though a way to do things may seem easy and convenient for people, where can it end?	In the end, doing things that way will cause them to die.
16:28	fi5o				What separates friends?	People who gossip about others cause friends to stop being friends.
16:30	nyt8				What is the one who signals with his eyes doing?	The one who signals others with his eyes is about to do something perverse.
16:31	yt7b				What is a crown of splendor?	Gray hair is like an honorable crown on the head.
16:32	fz56				Who is it better to be than one capturing a city?	It is better to be someone who does not become angry quickly than to be powerful and capture a city.
16:33	zbu3				How is the decision of casting lots made?	Yahweh decides whatever happens.
17:2	y33h				What does an insightful servant do with regard to a shameful son?	An insightful servant will rule over a shameful son.
17:4	u6gf				To what does an evildoer listen carefully?	An evildoer will listen carefully when people say sinful things that destroy others.
17:5	oab5				What happens to those who rejoice when someone experiences calamity?	Yahweh will certainly punish people who rejoice when others experience disastrous things.
17:8	yq93				Why do people who pay bribes think that bribes are magical?	They think that, by paying bribes, everything they do will be successful.
17:10	njer				What causes a sensible person to learn?	Rebuking a sensible person once causes him to learn.
17:12	n4ge				What is more dangerous than meeting a mother bear robbed of her cubs?	It can be more dangerous to confront a foolish person who is doing something foolish.
17:14	biq8				What should a person do before a dispute breaks out?	A person should leave the dispute before it breaks out because once an argument has started, it will be as difficult to stop as it is to stop water that is leaking.
17:15	h1n2				What two types of people are an abomination to Yahweh?	A person who declares a wicked person as righteous and one who declares a righteous person as wicked are both an abomination to Yahweh.
17:18	ycr4				What does a man do who does not think wisely?	A man who does not think wisely agrees to pay someone else’s loan.
17:20	ogo8				What causes a person to experience bad things?	Bad things will happen to a person who thinks and speaks deceitfully.
17:22	ddki				What helps the body to heal?	A joyful heart helps the body to heal.
17:25	reuv				What is a foolish son to his father and mother?	A foolish son is a grief to his father and bitterness to his mother.
17:28	hpdp				How can a fool be considered wise?	A fool can be considered wise if he keeps silent.
18:2	n4ej				In what does a foolish person not find delight?	A foolish person hates learning and does not delight in understanding.
18:3	zmiv				How is a wicked person treated?	A wicked person is treated with contempt and a person who acts shamefully, with reproach.
18:6	qr0h				What happens when a foolish person speaks?	What a foolish person says makes people argue and want to beat him.\n
18:8	f3ug				What deeply affects those who hear it?	What people who gossip say deeply affects those who hear it.
18:10	gom2				What is a tower of strength?	The name of Yahweh is like a strong tower into which the righteous can run and be safe.
18:12	jzwy				What must a person become before others will honor and respect him?	A person must become humble before others will respect him.
18:14	y8hq				When is it difficult to make someone feel better?	When they are inwardly weak and depressed.
18:17	bqhn				Who seems right at first?	The first person to state his case seems to be right until people whom he knows arrive and question him.
18:19	eqrz				What is more difficult to do than to conquer a fortified city?	It is more difficult to reconcile with an offended relative than it is to conquer a fortified city.
18:21	ga83				What strongly influences what happens to people?	What people say can influence what happens, even to cause people to die or to remain alive.
18:23	lsdk				How does a rich person answer others?	A rich person answers others harshly.
19:2	wz82				What must a person have in addition to zeal?	A person must have knowledge in addition to zeal.
19:5	bf3m				What will happen to a person who is a false witness?	Someone will surely punish people who lie easily.
19:7	rlfv				What happens when a poor man calls out to his friends?	When a poor man calls out to his friends, they are gone.
19:8	cuq6				What does a person do who loves his lifel?	A person who loves his life loves to learn.
19:11	b4f2				What does a person with insight do when offended?	Insightful people do not get angry quickly.
19:13	oqto				What is like a constant dripping of water?	A quarreling wife is like a constant dripping of water.
19:14	j43f				From where does a insightful wife come?	An insightful wife is from Yahweh.
19:17	do26				How does a person lend to Yahweh?	Giving things to poor people is like loaning them to Yahweh.
19:19	zv8y				Who will have to be rescued a second time?	A very angry person will have to be rescued a second time.
19:20	nhba				How can a person become wise for the rest of his life?	A person can become wise for the rest of your life by paying attention to what people advise them and by accepting instruction.
19:23	qqvz				What leads people to live for a long time?	Revering Yahweh causes people to live for a long time.
19:24	dk4v				What will a lazy one not do?	A lazy one will not even lift the food to his mouth.
19:26	oni8				What does a child cause who does violence to his father and causes his mother to flee?	A child who does violence to his father and causes his mother to flee causes shame and embarrassment.
19:28	p557				What kind of witness mocks justice?	A worthless witness scorns what is just.
20:2	jl3i				What is the anger of a king compared to?	The king’s anger can frighten people like the roaring of a lion.
20:3	d3r8				What are fools eager to do?	Foolish people are eager to argue with others.
20:6	mudh				What kind of person is difficult to find?	A faithful person is difficult to find.
20:9	qxi9				What is something that no one can truthfully say about himself?	No one can say truthfully that he has made his heart pure and is clean from sin.
20:11	rvc9				By what is even a young person known?	Even a young man will show others who he is by what he does.
20:13	n4ey				What causes a person to become poor?	If you sleep a lot, you will become poor.
20:15	o67l				What things are rare and precious?	The knowledgeable things that people say are rare and precious.
20:17	ppo9				What does food gained by deceit taste like afterward?	Food gained by deceiving others tastes like gravel afterward.
20:20	fmfb				What happens to a person who curses his father or mother?	People who curse their parents will be like an oil lamp that is extinguished in a totally dark place.
20:22	o996				Instead of trying to pay someone back for a wrong, what should you do?	You should wait for Yahweh to resolve the matter, so that he may vindicate you.
20:25	ve3n				What is it dangerous to thoughtlessly declare?	It is dangerous to thoughtlessly declare that a man will dedicate something to Yahweh before he considers.
20:28	kv4a				What guards a king?	Covenant faithfulness and trustworthiness guard a king.
20:29	dwiv				What is the splendor of young men?	The splendor of young men is their strength.
21:1	gfr3				What does Yahweh direct wherever he wants them to go?	Yahweh directs what kings think according to all that he desires.
21:3	nq9k				What is more acceptable to Yahweh than sacrifice?	To do what is right and fair is more acceptable to Yahweh than sacrifice.
21:6	v23g				What happens to the wealth of someone who acquires riches by a speaking falsely?	That wealth quickly vanishes like mist, and doing that will kill the person who lied.
21:7	t0bf				Why are the wicked punished?	The wicked are punished because they refuse to do what is right.
21:10	ix7m				What is not seen in the eyes of the wicked?	Grace is not seen in the eyes of the wicked.
21:11	kxia				Who learns wisdom when a mocker is punished?	The naive learn wisdom when a mocker is punished.
21:14	dten				What does a secret gift accomplish?	A secret gift subdues anger.
21:16	xoz4				Where does one who wanders from understanding rest?	One who wanders from understanding rests in the assembly of the spirits of the dead.
21:19	nvml				Where is it better to live than with a quarrelsome wife?	It is better to live in the wilderness than with an argumentative, nagging wife.
21:22	lyqs				What is a wise man able to bring down?	A wise man is able to bring down the walls that people believe will protect them.
21:24	gvnt				What is the name for a proud and haughty person?	A proud and haughty person is called “Mocker.”
21:27	lzih				What kind of sacrifice is detestable?	The sacrifice of a wicked person is detestable, and even more so when he offers it while intending to act wickedly.\n
21:30	ey85				What things are nothing compared to Yahweh?	Wisdom, understanding, or counsel are nothing compared to Yahweh.
21:31	u1cn				Who gives the victory in the day of battle?	Yahweh determines who wins that fight.
22:2	u6vf				What do the rich and poor have in common?	Yahweh is the maker of both the rich people and poor people.
22:4	ctiz				For what is the reward of riches, honor, and life?	The reward of riches, honor, and life is given to people who are humble and revere Yahweh.
22:6	iibw				If a child is taught the way he should go, what will he not do when he grows old?	If a child is taught how to behave properly, he will not turn away from that training when he grows old.
22:7	xdid				What is the relationship between the one who borrows and the one who lends?	The one who borrows is a slave to the one who lends.
22:10	fud8				What will cease if the mocker is driven away?	Judgment and dishonor will cease if the mocker is driven away.
22:13	k5c0				What excuse does a lazy person use not to work?	A lazy person says there is a lion in the streets that will kill him if he goes outside.
22:14	i6ck				How dangerous is what an adulterous woman says?	What an adulterous woman says is as dangerous as a deep hole that men could fall into.\n
22:15	kqhz				What drives foolishness from a child?	The rod of discipline drives foolishness from a child.
22:19	ypq1				In whom should a person trust?	A person should trust in Yahweh.
22:22	p9pk				What must not be done to the poor and suffering?	Do not steal from the poor and do not oppress suffering people.
22:23	v59q				What will Yahweh do to those who rob the poor?	Yahweh will kill the people who stole from them.
22:24-25	ymnq				Why must a person not associate with people who easily become angry?	A person must not associate with someone who easily becomes angry because he will learn to act like them and endanger himself.
22:26-27	tkww				What might a person take from someone who cannot pay back a loan?	A person could take even their bed if they cannot repay the loan.
22:28	iwbo				What must not be moved?	The ancient boundary stone set by their ancestors must not be moved.
23:1	h8f9				When should a person observe carefully what is before him?	When a person sits to eat with a ruler, he should carefully consider what is before him.
23:4	jb4m				A wise person knows when to stop doing what?	A wise person knows when to stop working too hard to try to become rich.
23:5	lcty				How does wealth compare to a bird?	Both wealth and a bird can quickly disappear.
23:7	d69b				Why does a stingy man not mean what he says when he tells you to eat and drink?	Because stingy people are always thinking about how much the food costs them.
23:9	ywo6				How does a fool react to insightful words?	A fool despises the insightful things that you say.
23:10-11	qstn				Why should you not claim the land that belongs to orphans?	Their strong redeemer, Yahweh, will defend them when they dispute with you.
23:13	hzha				What should not be withheld from a child?	Discipline should not be withheld from a child.
23:15-16	kuvk				What makes a father be deeply joyful?	When his son speaks what is right, the father will be deeply joyful.
23:20	guga				From whom should a person stay away?	A person should stay away from drunkards or gluttonous eaters.
23:23	lxk4				What should a person acquire?	A person should acquire truth, wisdom, instruction, and understanding.
23:26	dlge				What should a son give to his father?	A son should give his father his heart.
23:27-28	jq7t				In what way are certain women very dangerous?	Prostitutes and adulterous women are dangerous because they cause many men to become unfaithful.\n
23:29-30	u5rk				What kind of people are woeful, sorrowful, and quarrelsome?	Those people who drink too much wine.
23:31-33	rg14				What wil happen when you let wine become overly attractive to you?	When you are drunk, you will hallucinate.
23:35	xwlb				What does the drunkard say when he wakes up?	The drunkard says he wishes to be sober so that he could find even more wine to drink again.
24:1	bt4h				Of whom should a person not be envious?	A person should not be envious of those who are evil.
24:3	c2it				By what is a household established?	A household is established by wisdom.
24:5	ex97				What can a person add to wisdom to become more powerful?	A wise person who adds knowledge to wisdom makes himself more powerful.
24:8	y7gb				What do people call a person who plans to do evil?	People call a person who plans to do evil a schemer.
24:10	f6in				If you give up during distressful times, how is your strength?	If you give up during distressful times, then you are weak.
24:12	sw6l				What does God give each person?	God gives each person what he deserves.
24:15	houd				What do the wicked lie in wait to do?	The wicked lie in wait to attack the places where righteous people dwell.
24:17-18	knh7				What will Yahweh do if you are glad when your enemy falls?	Yahweh will notice and disapprove, and stop being angry with your enemies.
24:20	ylks				What happens to the lamp of the wicked?	The lamp of the wicked will be extinguished.
24:21	qesx				With whom should a person not associate?	A person should not associate with those who rebel against the king.
24:24	pm28				What will happen to the one who declares that a guilty person is innocent	Many people will curse him and whole people groups will hate him.
24:26	kfdd				What is like a kiss on the lips?	An honest answer is like a kiss on the lips.
24:29	bum8				What should a person not say about his neighbor?	A person should not say that he will pay back his neighbor for what he has done.
24:30-31	kpxq				What did the field of the lazy man look like?	In the lazy man’s field, thistles and weeds were everywhere, and the stone wall surrounding it had broken down.\n
24:34	rars				What comes upon the lazy man like a robber?	Poverty and need come upon the lazy man as if a thief has robbed him.
25:1	lkoj				Who was the author of this proverb?	Solomon was the author of this proverb.
25:2	nh6b				What is it the glory of God to do?	It is the glory of God to make something that is difficult for people to understand.
25:5	hyc8				How is the throne of the king established?	People must remove wicked advisers from the presence of the king so that he can rule securely by being righteous.
25:6-7	ghfc				What is better than standing in the place designated for the great?	Waiting for the king tell you to come up here is better than standing in the place designated for the great and being told to sit farther away from the king.
25:8	vpod				If you have witnessed something concerning your neighbor, why should you not be quick to bring it to trial?	You should not plead your case too quickly because your neighbor may win the case and embarrass you.
25:13	xvh0				What does a reliable messenger do for his senders?	A faithful messenger refreshes the people whom he serves.
25:15	wjkr				With what can a leader be persuaded?	A ruler can be persuaded with patience.
25:17	yaef				How could your neighbor feel that he has had too much of you?	Your neighbor could feel that he has had too much of you if you visit his house too often.
25:19	j7y8				What is like a a crippled foot?	Trusting treacherous people during distressful times is like a crippled foot.
25:21	zhat				What should you do for your enemy?	You should give your enemy food to eat and water to drink if they are hungry or thirsty.
25:22	emvt				What will Yahweh do for the one who gives his enemy food and drink?	Yahweh will reward the one who gives his enemy food and drink.
26:2	sqaq				What does not harm you?	A curse will not harm you if you are innocent.
26:4	mfkj				What will happen to you if you reply to foolish people according to their foolish way of thinking?	If you do, then you also will be foolish.
26:6	pwgu				What is like cutting off one’s own feet?	Sending a message by the hand of a fool is like cutting off one’s own feet.
26:10	klss				One who employs a fool is like what?	One who employs a fool is like an archer who randomly shoots arrows at people.
26:11	fdke				Why is a fool like a dog who returns to his vomit?	A fool is like a dog who returns to his vomit because a fool does the same foolish thing over and over again.
26:14	qux3				What is like a door swinging on its hinges?	As a door swings on its hinges and does not go anywhere, so a lazy person turns back and forth in his bed.
26:16	tpc0				How does a lazy person appear in his own eyes?	A lazy person wrongly thinks that he is wiser than several people who answer intelligently.
26:19	q6is				What does a person say after deceiving his neighbor?	A person says he was just joking after deceiving his neighbor.
26:21	wx0r				What does a quarrelsome person kindle?	A quarrelsome person kindles a dispute.
26:24	yxx6				How does a person disguise the fact that he hates others?	A person who hates others will use what they say to hide what they feel.
26:27	rnpb				What happens to the person who digs a pit?	The person who digs a pit will fall into it.
26:28	o4qn				What do flatterers cause?	Flatterers cause disastrous things to happen..
27:1	tsgq				Why should a person not boast about tomorrow?	A person should not boast about tomorrow because he does not know what will happen then.
27:3	zv00				What is so annoying that it is compared to the heaviness of stones or sand?	A fool is so annoying that he is harder to bear than either of those.
27:6	t8e9				What may an enemy do to deceive you?	An enemy will deceive you by acting affectionately toward you.
27:7	ouij				To whom is every bitter thing sweet?	To hungry people, every bitter thing is sweet.
27:10	jes5				What is better than a brother who is far away?	A nearby neighbor is better than a brother who is far away.
27:12	v8gw				What does a prudent man do when he sees something dangerous happening?	A prudent man hides himself when he sees something dangerous happening.
27:14	x07o				When is a blessing given with a loud voice considered to be a curse?	Early in the morning, a blessing given with a loud voice is considered to be a curse.
27:15-16	bivx				What is like stopping the wind?	Restraining a quarreling wife is like stopping the wind.
27:17	wf8i				What does the author compare to iron which sharpens iron?	The author says that, similar to how iron sharpens iron, when one person shares what he is thinking, it can help another person to think more clearly.
27:20	qwq7				What are never satisfied?	A person’s desire for things is never satisfied.
27:22	s43t				Could you remove foolishness from a fool?	If you were to crush a fool the way that you would crush grain into powder, you would still not be able to find any part of him that is not foolish.
27:24	r8eu				How long do riches last?	Riches do not last forever.
27:26	ovhg				What do lambs provide for you?	Lambs provide wool with which to clothe yourself.
28:1	tp8r				Who runs away even when no one is chasing them?	The wicked run away even though no one is chasing them.
28:4	w2sl				Who are praised by those who forsake the law?	The wicked are praised by those who forsake the law.
28:6	qkze				Which is more important, riches or honesty?	It is better to be poor and honest than to be dishonest and rich.
28:8	so2b				What happens to the wealth of someone who becomes rich by charging too much interest?	His wealth will eventually belong to someone who is kind to poor people.
28:10	jjy8				What people will destroy themselves?	People who guide upright people to act evilly\nwill destroy themselves by what they do.
28:12	joz4				How do people react when the wicked become powerful?	People hide when the wicked become powerful.
28:13	b03e				How can a sinner shown mercy?	A sinner who confesses and forsakes his sin will be shown mercy.
28:16	agbp				How can a ruler’s days be prolonged?	A ruler can prolong his days if he despises gaining wealth unjustly.
28:17	nnmw				Whom are we told that we should not help?	We should not help people who murder others and keep running away from those who would punish them until they die.
28:19	tpzb				What happens to a person who pursues empty things?	A person who wastes time pursuing empty things will only be poor.
28:22	jc9e				How does a greedy man pursue riches?	A greedy man hurries after riches.
28:25	rm3x				What is the result of trusting in Yahweh?	Yahweh will prosper people who trust him.
28:27	u1o2				What will a person who ignores the poor receive?	A person who ignores the poor will receive many curses.
29:1	wcq3				What happens to a person who remains stubborn even though other people often correct him?	A person who remains stubborn even though other people often correct him will be destroyed quickly, and he will not be able to recover.
29:3	aeac				What destroys a person’s wealth?	A person who has sex with prostitutes wastes all their money.
29:6	wvqh				What causes an evil person to endanger himself?	Acting sinfully causes an evil person to endanger himself.
29:8	svll				What kind of person enables others to remain calm?	A wise person enables others to remain calm.
29:10	bv3k				Who do murderers hate?	Murderers despise people who always try to do what is right.
29:11	bnql				What do foolish people uncontrollably express?	Foolish people uncontrollably express everything that they feel.
29:14	c35j				How can a king establish his throne forever?	A king can establish his throne forever by judging the poor with truth.
29:17	nbls				What is the result if you discipline your son?	Discipline your son, and he will cause you to rest,\nand he will give delights to your soul.
29:18	at9r				If the people do not keep the law, what do they do?	If the people do not keep the law, they do not control themselves.
29:20	gqqk				For whom is there more hope for a stupid one?	There is more hope for a stupid one than for a man hurrying in his words.
29:23	srlp				What kind of person is given honor?	A person with a humble spirit is given honor.
29:25	zorr				What does Yahweh do for the one who trusts in him?	Yahweh protects the one who trusts in him.
29:27	imnw				Whom do righteous people detest?	Righteous people detest unjust people.
30:1	aakl				Whose sayings are written in this proverb?	The sayings of Agur the son of Jakeh are written in this proverb.
30:3	fkwp				What has the author not learned?	The author has not learned wisdom.
30:6	f1ow				What will happen to you if you add to God’s words?	God will correct you and he will prove that you lied about what he said.
30:8	ceaz				How wealthy does the author wish to be?	The author wishes to have neither poverty nor riches, but just the proper amount of food.
30:9	yaux				What is the author afraid he would do if he were rich?	The author is afraid he would deny Yahweh if he were rich.
30:11-12	yn7a				What kind of people think that they are sinless, yet have committed disgusting sins?	People who disrespect their parents think that they are sinless, yet have committed disgusting sins.
30:13-14	p5u3				What does the proud generation do to the poor?	The proud generation destroys the poor.
30:15-16	gjw3				Why are greedy people like leeches?	Greedy people are like the offspring of leeches because they always want other people to give them more.
30:19	wj2t				What is the second thing that the author does not understand because it is too wonderful?	The author does not understand the way of a snake on a rock.
30:21-22	xv2l				What is the first thing that the author says causes the earth to tremble?	The first thing that causes the earth to tremble is a slave when he becomes king.
30:27	xquu				What does the author find amazing about locusts?	The author finds locusts amazing because they have no king, but all of them move in orderly groups.
30:30	ds4q				What does not turn away from anything?	The lion does not turn away from anything.
30:32	uv0v				What should a person do who has been plotting evil?	A person who has been devising evil should stop doing so immediately.
30:33	bmvf				What does anger produce?	Anger causes people to fight.
31:1	fel2				Who wrote this proverb?	King Lemuel wrote this proverb.
31:3	vk4d				To whom should a man not give his strength?	He should not give his strength to women and exhaust himself by having sex with them.
31:5	i3ke				What do rulers forget when they have strong drink?	Rulers forget what has been decreed when they have strong drink.
31:7	ic42				What do those in bitter distress forget when they have strong drink?	Those in bitter distress forget what troubles them when they have strong drink.
31:9	mk46				Whose cause should the king plead?	The king should plead for suffering and poor people to get what they legally deserve.
31:10	n5qf				What is more valuable than jewels?	A virtuous and capable wife is more valuable than precious jewels.
31:12	iuuu				What does the capable wife do all the days of her life?	She does good for her husband and not evil all the days of her life.
31:15	qs3h				When does the capable wife arise?	She arises while it is still night.
31:17	rppp				How does the capable wife care for her body?	She keeps her body strong and she makes her arms strong by working hard.
31:20	i290				Whom does the capable wife generously help?	She generously helps people who are poor and suffering.
31:23	j4xg				Where does the capable wife’s husband sit?	Her husband sits with the elders at the gates.
31:26	u9ix				How does the capable wife speak?	She speaks wisely, and when she speaks, she teaches others to be faithful and kind.
31:28	zydh				What do the children of the capable wife call her?	Her children call her blessed.
31:30	qdjg				What kind of woman will be praised?	People will praise a woman who fears Yahweh.
