Reference	ID	Tags	Quote	Occurrence	Question	Response
1:1	tojv				Who gave this revelation, to whom did he give it, and to whom was he supposed to show it?	The revelation of Jesus Christ came from God, and is being shown to his servants.
1:1	g2lr				When must the events of the revelation happen?	The events of the revelation must happen soon.
1:3	qgud				Who will be blessed by this book?	The one who reads aloud, listens to, and keeps what has been written in this book will be blessed.
1:4	vzw3				Who wrote this book, and to whom did he write?	John wrote this book, and he wrote it to the seven churches in Asia.
1:5	ji9p				What three titles does John give to Jesus Christ?	John gives Jesus Christ these titles: the faithful witness, the firstborn from the dead, and the ruler of the kings of the earth.
1:6	dpp4				What has Jesus made believers?	Jesus has made believers a kingdom and priests for his God and Father.
1:7	pizn				Who will see Jesus when he comes?	Every eye, that is, every person, will see Jesus when he comes, including those who pierced him.
1:8	r9cy				How does the Lord God describe himself?	The Lord God describes himself as the alpha and the omega, the one who is, and who was, and who is to come, the Ruler of All.
1:9	ftzo				Why was John on the island of Patmos?	John was on the island of Patmos because of the word of God and the testimony of Jesus.
1:11	ogsn				What did the loud voice behind John tell him to do?	The loud voice told John to write what he saw on a scroll and send it to the seven churches.
1:14	jd6c				John saw a man behind him. What kind of hair and eyes did the man have?	The man had hair as white as wool or snow and eyes like a flame of fire.
1:16	h0pg				What was in the right hand of the man, and what was coming out of his mouth?	The man had seven stars in his right hand, and a sharp, double-edged sword was coming out of his mouth.
1:17	vylp				What did John do when he saw the man?	John fell at the man’s feet like a dead man.
1:18	h71o				What keys did the man say he had?	The man said he had the keys of death and of Hades.
1:20	mqey				What was the meaning of the seven stars and the seven golden lampstands?	The seven stars were the angels of the seven churches, and the seven lampstands were the seven churches.
2:1	qoky				To what angel is the next portion of the book written?	The next portion of the book is written to the angel of the church in Ephesus.
2:2	zaft				How has the church in Ephesus related to evil people, and what has it done regarding the ones who call themselves apostles?	The church in Ephesus has not put up with those who are evil and has tested the false prophets.
2:4	qip9				What does Christ have against the church in Ephesus?	Christ has against the church in Ephesus that it has left behind its first love.
2:5	eryv				What does Christ say he will do if the churh do not repent?	Christ says he will come and remove its lampstand from its place if the church does not repent.
2:7	csq2				What does Christ promise to those who conquer?	Christ promises to allow those who conquer to eat from the tree of life in the paradise of God.
2:8	sxlf				To what angel is the next portion of the book written?	The next portion of the book is written to the angel of the church in Smyrna.
2:9	hzjq				What difficulties is the church in Smyrna facing?	The church in Smyrna is facing affliction, poverty, and slander.
2:10	f4d1				What does Christ promise to those who are faithful until death?	Christ promises that he will give the crown of life to those who are faithful until death.
2:11	es1c				What does Christ say about the one conquering?	The one conquering will certainly not be hurt by the second death.
2:12	kbqb				To what angel is the next portion of the book written?	The next portion of the book is written to the angel of the church in Pergamum.
2:13	hb2u				How does Christ describe the place where this church lives?	Christ describes this as a place where Satan’s throne is.
2:13	xvms				What did the church in Pergamum do in the days when Antipas was killed?	The church in Pergamum did not deny its faith in Jesus even in the days when Antipas was killed.
2:14-15	ea63				To what two teachings do some in the church in Pergamum hold tightly?	Some in the church in Pergamum hold tightly to the teachings of Balaam and to the teachings of the Nicolaitans.
2:16	t9yq				What does Christ warn he will do if those who hold to these false teachings do not repent?	Christ warns he will come and make war against them with the sword of his mouth.
2:17	g4yi				What does Christ say he will give to the one conquering?	Christ promises that the will give the hidden manna and a white stone with a new name to the one conquering.
2:18	xjbu				To what angel is the next portion of the book written?	The next portion of the book is written to the angel of the church in Thyatira.
2:19	mfav				What good things does Christ know about regarding the church in Thyatira?	Christ knows about the works, love, faith, service, and patient endurance of the church in Thyatira and that its last works are greater than its first works.
2:20	hkup				What does Christ have against the church in Thyatira?	Christ has against the church in Thyatira that it tolerates the immoral false prophetess Jezebel.
2:22	guip				What does Christ warn he will do if those who commit adultery with Jezebel do not repent of her deeds?	Christ warns that he will throw these people into great tribulation if they do not repent.
2:25	ubci				What does Christ tell those who have not held to the teaching of Jezebel to do?	Christ tells them to hold on tightly to what they have until he comes.
2:26	ifl9				What does Christ promise to the one conquering?	Christ promises to give authority over the nations to the one conquering.
2:28	itwm				What else does Christ promise to the one conquering?	Christ also promises to give the morning star to the one conquering.
2:29	wikb				What does Christ say the one who has an ear should hear?	Christ says that the one who has an ear, that is, the one who is able to hear, should hear what the Spirit is saying to the churches.
3:1	jreq				To what angel is the next portion of the book written?	The next portion of the book is written to the angel of the church in Sardis.
3:1	l3ti				What is the reputation of the church in Sardis, but what is the truth about them?	The reputation of the church in Sardis is that it is alive, but the truth is that it is dead.
3:2	efk8				What does Christ warn the church in Sardis to do?	Christ warns them to wake up and strengthen what remains.
3:5	lmom				What does Christ promise to the one conquering?	Christ promises to clothe the one conquering in white, to keep his name in the book of life, and to confess his name before his Father and his angels.
3:7	tulj				To what angel is the next portion of the book written?	The next portion of the book is written to the angel of the church in Philadelphia.
3:8	s2cb				What has the church in Philadelphia done even though they have little strength?	The church in Philadelphia has kept Christ’s word and has not denied his name.
3:9	sbiq				What will Christ make those of the synagogue of Satan do?	Christ will make those of the synagogue of Satan bow down before the feet of the believers.
3:11	ade1				What does Christ tell the church of Philadelphia to do since he is coming soon?	Christ tells them to hold fast to what they have so that no one may take away their crown.
3:12	u240				What does Christ promise to the one conquering?	Christ promises to make the one conquering a pillar in the temple of his God, and he promises to write on him the name of his God, the name of the city of his God, and his own new name.
3:14	wf68				To what angel is the next portion of the book written?	The next portion of the book is written to the angel of the church in Laodicea.
3:15	m4xx				What does Christ wish that the church in Laodicea was?	Christ wishes that the church in Laodicea was either cold or hot.
3:16	o9mk				What is Christ about to do to the church in Laodicea, and why?	Christ is about to vomit the church in Laodicea out of his mouth because they are lukewarm.
3:17	qmlp				What does the church in Laodicea say about itself?	The church in Laodicea says that it is rich and has become wealthy and is in need of nothing.
3:17	n4rd				What does Christ say that the church in Laodicea does not know?	Christ says the church in Laodicea does not know that it is miserable, pitiable, poor, blind, and naked.
3:19	akgb				What does Christ do for everyone he loves?	Christ rebukes and disciplines everyone he loves.
3:21	v8vp				What does Christ promise to the one conquering?	Christ promises to let the one conquering sit with him on his throne.
3:22	dxfc				What does Christ say the one who has an ear should do?	Christ says that the one who has an ear, that is, who is able to hear, should hear what the Spirit says to the churches.
4:1	wblg				What did John see opened?	John saw an open door in heaven.
4:1	johp				What did the voice say he would show John?	The voice said he would show John what must happen after these things.
4:2	cljx				What was someone sitting on in heaven?	Someone was sitting on a throne in heaven.
4:4	izbi				What was around the throne in heaven?	Around the throne were 24 thrones with 24 elders seated on them.
4:5	m9i8				What were the seven lamps burning in front of the throne?	The seven lamps were the seven spirits of God.
4:6	t2cq				What four things were around the throne?	Four living creatures full of eyes were around the throne.
4:8	ezyh				What word describing God do the four living creatures repeat night and day?	Night and day the four living creatures repeat the word "holy."
4:10	ua0a				What do the 24 elders do when the living creatures give glory to God?	The 24 elders fall down (that is, bow down) before the throne and lay down their crowns.
4:11	bwtb				Why do the elders say that God is worthy to receive glory, honor, and power?	The elders say that God is worthy because God created all things and by his will they existed and were created.
5:1	d7fu				What did John see in the right hand of the one seated on the throne?	John saw a scroll written on the inside and the back and sealed with seven seals.
5:3-4	bsyq				At first, who was able to open the scroll or read it?	No one in heaven or on the earth or under the earth was worthy to open the scroll or read it.
5:5	jrin				Who did the elder tell John was able to open the scroll and its seven seals?	The elder told John that the Lion from the tribe of Judah, the Root of David, was able to open the scroll and its seven seals.
5:6	jg5q				Who was standing among the elders?	A Lamb, looking as though he had been killed, was standing among the elders.
5:6	byza				What were the seven horns and seven eyes on the Lamb?	The seven horns and seven eyes were the seven spirits of God sent out into all the earth.
5:8	y8cz				What were the gold bowls full of incense that the elders had?	The gold bowls full of incense were the prayers of the saints.
5:9	m1su				Why was the Lamb worthy to open the scroll?	The Lamb was worthy because he was slaughtered and with his blood he bought people for God from every tribe, language, people, and nation.
5:10	jbg5				Where will these priests of God reign?	The priests of God will reign on the earth.
5:12	jmjo				What did the angels say the Lamb was worthy to receive?	The angels said the Lamb was worthy to receive power, wealth, wisdom, strength, honor, glory, and praise.
5:13	v0tv				Who said that the one on the throne and the Lamb should be praised to the ages of the ages (that is, forever)?	Every creature said that the one on the throne and the Lamb should be praised to the ages of the ages.
5:14	tshy				What did the elders do when they heard the four living creatures say “Amen”?	The elders fell down (that is, bowed down) and worshiped.
6:1	fmv9				What did John see the Lamb do with the scroll?	John saw the Lamb open one of the seven seals on the scroll.
6:2	ejpy				What did John see after the first seal was opened?	John saw a white horse whose rider went out conquering.
6:4	cz1x				What did John see after the second seal was opened?	John saw a fiery red horse whose rider was allowed to take peace away from the earth.
6:5	awjj				What did John see after the third seal was opened?	John saw a black horse whose rider held a pair of scales in his hand.
6:8	qq87				What did John see after the fourth seal was opened?	John saw a pale horse whose rider was named Death.
6:9	wzkf				What did John see after the fifth seal was opened?	John saw the souls of those who had been killed because of the word of God and the testimony they held.
6:10	u3l2				What did the souls under the altar want to know from God?	The souls wanted to know how long it would be until God avenged their blood.
6:11	z0e4				How long were the souls told they would have to wait?	The souls were told they would have to wait until the full number of fellow servants and brothers (that is, fellow believers) were killed.
6:12-13	ncma				What did John see after the sixth seal was opened?	John saw an earthquake, the sun becoming black, the moon becoming like blood, and the stars falling to the earth.
6:15-16	g9xh				What did John see the kings, generals, rich, powerful, and everyone else doing?	John saw them hiding in caves and asking the rocks to fall on them and hide them.
6:16	pic0				From what did the kings, generals, rich, powerful, and everyone else want to be hidden?	They wanted to be hidden from the one seated on the throne and from the anger of the Lamb.
6:17	gso5				What day had come?	The great day of the anger of the one sitting on the throne and the Lamb had come.
7:1	clrx				What were the four angels standing on the four corners of the earth doing when John saw them?	The four angels were holding back the four winds of the earth.
7:2-3	rrj8				What did the angel coming from the rising of the sun (that is, the east) say must be done before the earth, sea, and trees were harmed?	The angel said that the servants of God must be sealed on their foreheads before the earth, sea, and trees were harmed.
7:4	bhu9				How many people were sealed and who were they?	144 thousands (that is, 144,000 people) were sealed, and they were from every tribe of the sons of Israel.
7:9	aj7e				What did John then see before the throne of God and in front of the Lamb?	John saw a great multitude from every nation, tribe, people, and language before the throne.
7:10	nx6l				The great multitude called out that salvation belonged to someone. To whom did it belong?	Those before the throne called out that salvation belonged to God and to the Lamb.
7:11	qin0				What did the angels, elders, and living creatures do as they worshiped God?	They fell on their faces, that is, they lay down and put their faces on the ground, as they worshiped God.
7:14	paal				Who did the elder say were the ones clothed in white robes before the throne?	The elder said they were the ones who had come out of the great tribulation.
7:14	ijd6				How had the ones before the throne made their robes white?	They had made their robes white by washing them in the blood of the Lamb.
7:15-16	f3wv				What did the elder say God would do for those who were clothed in white robes?	God would spread his tent over them so they would not be hungry or thirsty or burned by the sun anymore.
7:17	wap2				What did the elder say the Lamb would do for those who are clothed in white robes?	The Lamb will shepherd them and guide them to springs of living water.
8:1	qgou				There was silence in heaven after something happened. What happened?	There was silence in heaven after the Lamb opened the seventh seal.
8:2	okve				What was given to the seven angels who stand before God?	Seven trumpets were given to the seven angels who stand before God.
8:4	kl10				What rose up before God?	The smoke of incense with the prayers of the saints rose up before God.
8:5	ja6s				What happened when the angel threw fire from the altar down onto the earth?	When the angel threw down the fire, there there were crashes of thunder, loud sounds, flashes of lightning, and an earthquake.
8:7	sej1				What happened when the first angel sounded a trumpet?	When the first angel sounded a trumpet, a third of the earth was burned up along with a third of the trees and all the green grass.
8:8-9	qxob				What happened when the second angel sounded a trumpet?	When the second angel sounded a trumpet, a third of the sea became blood, a third of the creatures in the sea died, and a third of the ships were destroyed.
8:10-11	g2ts				What happened when the third angel sounded a trumpet?	When the third angel sounded a trumpet, a third of the waters became wormwood and many people died.
8:12	k21z				What happened when the fourth angel sounded a trumpet?	When the fourth angel sounded a trumpet, it became dark for a third of the day and the night.
8:13	gfv1				Why did the eagle say “Woe, woe, woe to the ones living on the earth"?	The eagle said “Woe, woe, woe, to the ones on the earth" because of the remaining three trumpet blasts.
9:1	b2ar				What kind of star did John see when the fifth angel sounded a trumpet?	When the fifth angel sounded a trumpet, John saw a star from heaven that had fallen to the earth.
9:2	lmbf				What did the star do?	The star opened the shaft of the abyss.
9:3-4	zb3l				What did God tell the locusts from the pit to do?	God told the locusts locusts not to damage the earth but only the people who did not have the seal of God.
9:6	uqq0				What would the people tormented by the locusts seek but not find?	The people tormented by the locusts would seek death but would not find it.
9:9	nz2w				What did the wings of the locusts sound like?	The wings of the locusts sounded like many chariots and horses running into battle.
9:11	m74i				Who was the king over the locusts?	The king over the locusts was the angel of the abyss.
9:12	veo7				What did John call the locusts that came when the fifth angel sounded a trumpet?	John called these locusts the "first woe."
9:13	kqt8				From where did John hear a voice when the sixth angel sounded a trumpet?	When the sixth angel sounded a trumpet, John heard a voice coming from the golden altar before God.
9:15	lc0j				What happened to the four angels after the voice spoke?	After the voice spoke, the four angels were released to kill a third of humanity.
9:16	uaf1				How many horse soldiers did John see?	John saw two myriads of myriads of horse soldiers, that is, two hundred million (200,000,000) horse soldiers.
9:18	qz7i				What plagues killed a third of humanity?	The plagues of fire, smoke, and sulfur from the mouths of the horses killed a third of humanity.
9:20	gbe4				How did the people not killed in the plagues respond?	The people not killed in the plagues did not repent of their works, that is, they did not stop worshiping demons and idols.
10:1	xs18				What did the face and feet of the mighty angel that John saw look like?	The angel had a face like the sun and feet like pillars of fire.
10:2	rp2i				Where did the angel stand?	The angel stood with his right foot on the sea and his left foot on the land.
10:4	s7ya				What did the voice from heaven tell John not to write?	The voice from heaven told John not to write what the seven thunders said.
10:6	crb4				By whom did the mighty angel swear?	The mighty angel swore by him who lives to the ages of the ages (that is, forever), who created heaven, the earth, the sea, and the things in them.
10:7	qhcn				What did the mighty angel say would be accomplished in the days of the sound of the seventh angel?	The angel said that when the seventh angel sounded a trumpet, the mystery of God would be accomplished.
10:8	yeld				What did the voice tell John to take from the mighty angel?	The voice told John to take an open scroll from the angel.
10:9	i4d4				What did the angel say would happen when John ate the scroll?	The angel said that the scroll would taste sweet in John’s mouth but that it would make his stomach bitter.
10:11	ozlx				After he ate the scroll, about what was John told to prophesy?	John was told to prophesy about many peoples, nations, languages, and kings.
11:1	vsxy				What was John told to measure?	John was told to measure the temple of God and the altar and the ones worshiping in the temple.
11:2	p3qb				For how long would the Gentiles trample the holy city?	The Gentiles would trample the holy city for 42 months.
11:5	ewf6				What were the two witnesses given the authority to do to anyone who wished to harm them?	The two witnesses were given the authority to kill with fire anyone who wished to harm them.
11:8	fhah				Where will the bodies of the two witnesses lie?	Their bodies will lie in the public square of the great city.
11:10	kzph				How will the people of the earth react when the two witnesses are killed?	The people of the earth will rejoice and celebrate and send gifts to one another when the two witnesses are killed.
11:11-12	mijv				What will happen to the two witnesses after three and a half days?	After three and a half days, a breath of life will enter the two witnesses and they will stand on their feet.
11:14	zdn8				After the two witnesses go up to heaven and there is an earthquake, what has passed?	After the two witnesses go up to heaven and there is an earthquake, the second woe has passed
11:15	swd2				When the seventh angel sounded a trumpet, what did loud voices in heaven say?	When the seventh angel sounded a trumpet, loud voices in heaven said that the kingdom of the world had become the kingdom of our Lord and of his Christ.
11:17	dj39				What did the elders say that the Lord God had now done?	The elders said that the Lord God had taken his great power and reigned.
11:18	paor				According to the elders, what time had now come?	The elders said that the time had now come for the dead to be judged and for God to reward his servants and destroy the ones destroying the earth.
11:19	ktsg				What was then opened in heaven?	God’s temple was then opened in heaven.
12:1	qzvq				What great sign was seen in heaven?	The great sign seen in heaven was a woman clothed with the sun, with the moon under her feet and a crown of twelve stars on her head.
12:3	mkku				What other great sign was seen in heaven?	The other great sign seen in heaven was a large red dragon with seven heads and ten horns and seven crowns on his heads.
12:4	g1ux				What did the dragon's tail do?	The dragon's tail swept away a third of the stars of heaven and hurled them down to earth.
12:4	h75h				What did the dragon want to do when the woman gave birth?	The dragon wanted to devour the woman's child when she gave birth.
12:5	be8g				What was the male child going to do?	The male child was going to rule all the nations with an iron scepter.
12:5	a3l6				To where was the male child snatched away?	The male child was snatched away to God and to his throne.
12:6	h818				To where did the woman flee?	The woman fled into the wilderness.
12:7	yp4b				Who fought in heaven?	Michael and his angels fought against the dragon and his angels.
12:9	d6vw				What happened to the dragon and his angels as a result of the battle?	The dragon and his angels were thrown down to the earth.
12:9	pk4a				Who is the dragon?	The dragon is the ancient serpent called Diabolos and Satan.
12:11	ksa0				How did the brothers conquer the dragon?	The brothers conquered the dragon through the blood of the Lamb and by the word of their testimony.
12:12	vwc3				How much time does the dragon know he has?	The dragon knows he has only a little time.
12:13-14	df35				What did God give the woman when the dragon pursued her?	When the dragon pursued her, God gave the woman wings to fly to the place prepared for her, where she would be nourished.
12:15-17	a5y7				After the earth helped the woman, what did the dragon do?	The dragon went off to make war with those who keeping God’s commandments and having the testimony about Jesus.
13:1	pvui				From where did the beast come that John saw?	The beast that John saw came up from the sea.
13:2	erh1				What did the dragon give to the beast?	The dragon gave the beast his power, his throne, and great authority.
13:3	e4w3				Why was the whole earth astonished?	The whole earth was astonished because the beast had a wound of death (a fatal wound) that had been healed.
13:5-6	j8fy				What did the beast say with the mouth it was given?	The beast spoke great (proud) things and blasphemies against God, his name, his tabernacle, and those living in heaven.
13:7	d97q				What was the beast allowed to do against the saints?	The beast was allowed to make war against the saints and to conquer them.
13:8	xybi				Who will not worship the beast?	Anyone whose name is written in the Book of Life will not worship the beast.
13:10	pfim				What qualities does John say the saints must have?	John says that the saints must have endurance and faith.
13:11	ys79				From where did the other beast come that John saw?	The other beast that John saw came up out of the earth.
13:11	sgay				What kind of horns and voice did the other beast have?	The other beast had horns like a lamb but its voice sounded like a dragon's voice (it was speaking like a dragon).
13:12	qh9x				The other beast caused those who live on the earth to do something. What was it?	The other beast caused those who live on the earth to worship the first beast.
13:15	etcr				What did the other beast do to whoever did not worship the image of the beast?	The other beast caused whoever did not worship the image of the beast to be killed.
13:16	zjwq				What did the other beast cause everyone to receive?	The other beast caused everyone to receive a mark on the right hand or on the forehead.
13:18	veuv				What is the number of the beast?	The number of the beast is 666.
14:1	j41j				Whom did John see standing on Mount Zion?	John saw the Lamb and 144 thousands (144,000 people) standing on Mount Zion.
14:3	zu1v				Who was able to learn the new song that was sung before the throne?	Only the 144,000 people who had been bought from the earth were able to learn the new song.
14:4-5	ra3l				Who have been bought as first fruits for God and for the Lamb?	The 144,000 blameless people have been bought as first fruits to God and to the Lamb.
14:6	fr28				To whom did the angel give the eternal message of good news?	The angel gave the eternal message of good news to every nation, tribe, language, and people on the earth.
14:7	xnf4				What did the angel tell those the ones living on the earth to do?	The angel told them to fear God and to give him glory.
14:7	h851				What hour (time) did the angel say had come?	The angel said the hour of God’s judgment had come.
14:8	cpb6				What did the second angel say had happened?	The second angel said that Babylon the Great had fallen.
14:10	x8qy				What did the third angel say would happen to anyone who worshiped the beast and received his mark?	The third angel said that those who worshiped the beast and received his mark would be tormented with fire and sulfur.
14:12	x2ev				What quality did John say the saints should have?	John said that the saints should have endurance.
14:14	cmgy				Whom did John see seated on a white cloud?	John saw one like a son of man seated on a white cloud.
14:16	ez9d				What did the one sitting on the cloud do?	The one sitting on the cloud swung his sickle and harvested the earth.
14:19	ni13				What did the angel with the sickle do?	The angel with the sickle harvested the grapevine of the earth and threw the grapes into the great winepress of the wrath of God.
14:20	q3fb				What came out from the winepress when it was trampled?	Blood came out from the winepress when it was trampled.
15:1	pwba				What did the seven angels have whom John saw?	The seven angels had seven final plagues.
15:2	evlf				Who was standing by the sea?	The ones being victorious over the beast and his image and the number of his name were standing by the sea.
15:3	scxi				Whose song were those standing by the sea singing?	Those standing by the sea were singing the song of Moses and the song of the Lamb.
15:3	c7u9				How were God’s ways described in the song?	God’s ways were described as righteous and true.
15:4	s0ak				According to the song, who will come and worship God?	All nations will come and worship God.
15:6	k5nw				Who then came out from the temple?	The seven angels having the seven plagues then came out from the temple.
15:7	og0e				What did one of the four living creatures give to the seven angels?	One of the four living creatures gave the seven angels seven bowls full of the wrath of God.
15:8	wlpk				Until when could no one enter the temple?	No one could enter the temple until the seven plagues were completed.
16:1	r9fd				What did the voice tell the seven angels to do?	The voice told the seven angels to go and pour out on the earth the seven bowls of God’s wrath onto the earth.
16:2	iedt				What happened when the first angel poured out his bowl?	The people who had the mark of the beast and who worshiped its image got bad sores.
16:3	mj98				What happened when the second angel poured out his bowl?	The sea became like the blood of a dead person.
16:4	lh04				What happened when the third angel poured out his bowl?	The rivers and springs of water became blood.
16:6	jysi				Why was it true and just that God gave these people blood to drink?	It was true and just because these people had poured out the blood of God’s saints and prophets.
16:8	mk0u				What happened when the fourth angel poured out his bowl?	The sun scorched people with fire.
16:9	lr5g				How did the people respond to these plagues?	The people did not repent to give God glory.
16:10	f76l				What happened when the fifth angel poured out his bowl?	The kingdom of the beast became darkened.
16:12	u7qt				What happened when the sixth angel poured out his bowl?	The water of the Euphrates River was dried up to prepare the way for the kings from the rising of the sun (from the east).
16:13-14	boz4				What did the three unclean spirits go out to do?	The three unclean spirits went out to gather the kings of the world for battle on the great day of God.
16:16	qfz0				What was the name of the place where the kings of the world were brought together?	The name of the place was Armageddon.
16:17-18	lqm1				What happened when the seventh angel poured out his bowl?	A loud voice said, “It is has happened!” and there was lightning, sounds, thunder, and an earthquake.
16:19	q886				At this time, what did God remember?	At this time, God remembered to give Babylon the Great the cup of the wine of the wrath of his anger.
16:21	kt47				How did the people respond to the plague of hail?	The people blasphemed God.
17:1	gwoq				What did the angel say he would show John?	The angel said he would show John the judgment of the great prostitute.
17:3	of4z				On what was the woman sitting?	The woman was sitting on a scarlet beast that had seven heads and ten horns.
17:4	ybl2				What was in the cup which the woman held in her hand?	The cup was full of abominations and the impurities of her sexual immorality.
17:5	mrvu				What was the woman’s name?	The woman’s name was “Babylon the Great, the Mother of Prostitutes and of the Abominations of the Earth.”
17:6	j1n2				With what was the woman drunk?	The woman was drunk with the blood of the saints and witnesses for Jesus.
17:8	xsx3				From where did the beast come on which the woman sat?	The beast came up from the abyss.
17:8	n3pi				To where was the beast going?	The beast was going to destruction.
17:9-10	yypc				What were the seven heads of the beast?	The seven heads were seven hills on which the woman was seated, and they were also seven kings.
17:11	aheh				To where was the beast going?	The beast was going to destruction.
17:12	dl5a				What were the ten horns of the beast?	The ten horns were ten kings.
17:13-14	xaac				What will the kings and the beast do when they are of one mind?	When they are of one mind, they will make war against the Lamb.
17:15	mr1p				What were the waters where the prostitute was sitting?	The waters were peoples, multitudes, nations, and languages.
17:16	wann				What would the kings and the beast do to the woman?	They would make the woman desolated and naked, consume her flesh, and burn her completely with fire.
17:18	eqd3				What was the woman that John saw?	The woman that John saw was the great city that has a kingdom over the kings of the earth.
18:1-2	t9lc				What announcement did the angel with great authority make?	The angel announced that Babylon the Great had fallen.
18:4	tu77				What did the voice from heaven tell God’s people to do?	The voice told God’s people to come out from Babylon in order not share in her sins.
18:6	veud				What amount of payment did God give back to Babylon for what she had done?	God paid back Babylon double for what she had done.
18:8	ec1h				What plagues will come on Babylon in one day?	Death, mourning, and famine will come on Babylon in one day, and she will be consumed with fire.
18:9	aaho				How did the kings and merchants of the earth respond when they saw Babylon’s judgment?	When the kings and merchants of the earth saw Babylon’s judgment, they wept and wailed over her.
18:9-10	kqtx				Why will the kings, merchants and ship’s captains stand at a distance from Babylon at her time of judgment?	They will stand at a distance because they are afraid of her torment.
18:14	fols				What kinds of things perished from Babylon?	Luxurious and splendid things perished from Babylon.
18:15	tuir				Why will the kings, merchants and ship’s captains stand at a distance from Babylon at her time of judgment?	They will stand at a distance because they are afraid of her torment.
18:18	dwuy				What question did the ship captains ask about Babylon?	The ship captains asked, “What city is like the great city?”
18:20	xu7d				What were heaven and the saints, apostles, and prophets told to do when God judged Babylon?	Heaven and the saints, apostles, and prophets were told to rejoice when God judged Babylon.
18:21	mcd0				After Babylon's judgment, when will she be seen again?	After her judgment, Babylon will be seen no more.
18:24	gb1t				What was found in the great city Babylon, for which she was judged?	The blood of prophets, saints, and all who have been killed on the earth was found in Babylon.
19:1-2	u9n6				What did the loud voice in heaven say about God’s judgments?	The loud voice in heaven said that God’s judgments were true and righteous.
19:2	fjpf				Why did God judge the great prostitute?	God judged the great prostitute because she corrupted the earth with her sexual immorality and shed the blood of God’s servants.
19:3	pbxu				What will happen to the great prostitute forever and ever?	The smoke of the great prostitute will rise to the ages of the ages (forever).
19:5	jvp6				What did the voice tell the servants of God to do?	The voice told the servants of God to praise him.
19:7	xj9i				Why did the voice say that the servants of God should rejoice and be very happy?	The servants of God were told to rejoice and be very happy because the wedding celebration of the Lamb had come.
19:8	yy44				With what was the bride of the Lamb dressed?	The bride was dressed in bright, clean fine linen.
19:10	lvdl				What did the angel say that the testimony of Jesus was?	The angel said that the testimony of Jesus was the spirit of prophecy.
19:11-13	ssis				What was the one called whom John saw riding on a white horse?	The one John saw riding on a white horse was called Faithful and True.
19:15	og5o				What does the Word of God, the rider on the white horse, use to strike down the nations?	The Word of God, the rider on the white horse, uses the sharp sword that goes out of his mouth to strike down the nations.
19:16	ikyu				What name is written on the Word of God’s robe and thigh?	The name written on his robe and thigh is King of Kings and Lord of Lords.
19:18	k8mg				What were the birds flying overhead called to eat at the great supper?	The birds were called to eat the flesh of kings, chiliarchs (commanders), mighty warriors, horses and their riders, and all kinds of people.
19:19	vsdi				What did the beast and the kings of the earth gather to do?	They gathered to make war with the one sitting on the white horse and his army.
19:20	qdzh				What happened to the beast and the false prophet?	The beast and the false prophet were both thrown alive into lake of fire burning with sulfur.
19:21	r73m				What happened to the rest of those who fought against the one sitting on the horse?	The rest were killed by the sword coming out of the mouth of the one sitting on the horse.
20:1	h9pq				What did the angel coming down from heaven have in his hand?	The angel had in his hand the key to the abyss and a great chain.
20:2-3	s7xx				How long would Satan remain bound?	Satan would remain bound for a thousand years.
20:3	wqea				What did the angel do with Satan?	The angel threw Satan into the bottomless pit.
20:3	rqbq				What would Satan not be able to do while he was bound?	Satan would not be able to deceive the nations while he was bound.
20:4	pzba				What happened to those who had refused to receive the mark of the beast?	Those who had refused to receive the mark of the beast came to life and reigned with Christ for a thousand years.
20:5	tfn2				When would the rest of the dead come to life?	The rest of the dead would come to life when the thousand years were ended.
20:6	ykvf				What would those who took part in the first resurrection do?	Those who took part in the first resurrection would be priests of God and Christ and would reign with him for a thousand years.
20:8	zh5e				What will Satan do at the end of the thousand years?	At the end of the thousand years, Satan will be released to go out to deceive the nations.
20:9	ad9r				What happened when the camp of the saints was surrounded?	When the camp of the saints was surrounded, fire came down from heaven and devoured Gog and Magog.
20:10	kn33				What was done with the devil at this time?	The devil was thrown into the lake of fire to be tormented forever.
20:12	q4ti				By what were the dead judged before the great white throne?	The dead were judged by what was recorded in the books, the result of what they had done.
20:14	krn7				What is the second death?	The second death is the lake of fire.
20:15	ekez				What happened to all whose names were not found written in the Book of Life?	All whose names were not found written in the Book of Life were thrown into the lake of fire.
21:1	lurs				What had happened to the first heaven and earth?	The first heaven and earth had passed away.
21:1	w035				What had replaced the first heaven and earth?	A new heaven and earth had replaced the first heaven and earth.
21:2	u2dr				What came down from heaven?	The holy city, new Jerusalem, came down from heaven.
21:3	tu7c				Where did the voice from the throne say that God would now dwell?	The voice said that God would now dwell with human beings.
21:4	q515				What had now passed away?	Tears, death, grieving, crying, and pain had now passed away.
21:6	hn9v				By what name did the one seated on the throne call himself?	The one seated on the throne called himself the Alpha and the Omega.
21:8	ll9q				What will happen to the cowardly, unbelieving, and abhorred and to murderers, fornicators, sorcerers, idolaters, and liars?	Their place will be in the fiery lake of burning sulfur.
21:9-10	uihm				What is the bride, the wife of the Lamb?	The bride, the wife of the Lamb, is the holy city, Jerusalem, coming down out of heaven from God.
21:12	vlua				What was written on the gates of new Jerusalem?	The names of the 12 tribes of the sons of Israel were written on the gates of new Jerusalem.
21:14	exth				What was written on the foundations of new Jerusalem?	The names of the 12 apostles of the Lamb were written on the foundations of new Jerusalem.
21:16	j9dm				In what shape was new Jerusalem laid out?	New Jerusalem was laid out square.
21:18	l90k				Of what was the city built?	The city was built of pure gold, like clear glass.
21:22	fcdd				Why is there no temple in the new Jerusalem?	There is no temple in the new Jerusalem because the Lord God and the Lamb are her temple.
21:23	eub1				What is the source of light in new Jerualem?	The source of light in new Jerusalem is the glory of God and the Lamb.
21:27	e8sv				What will never enter new Jerusalem?	Nothing unclean will ever enter new Jerusalem.
22:1	ad8m				What did John see flowing from the throne of God?	John saw the river of the water of life flowing from the throne of God.
22:2	j91v				For what purpose will people use the leaves of the tree of life?	The leaves of the tree of life are for the healing of the nations.
22:3-5	wgby				What will there no longer be in the city?	There will no longer be any curse, and there will be no more night.
22:3	p0om				Where will the throne of God and of the Lamb be?	The throne of God and of the Lamb will be in the city.
22:7	kvw2				Jesus says that a person who does something with this book will be blessed. What does that person do?	A person who keeps (obeys) the words of the prophecy of this book will be blessed.
22:8-9	kwzk				What did the angel tell John to do when John fell down (bowed down) to worship the angel?	The angel told John not to worship him but to worship God.
22:10	ctj4				Why was John told not to seal up the words of the prophecy of this book?	John was told not to seal up the words of the prophecy of this book because the time was near.
22:12	i2gz				What did the Lord say would be with him when he comes?	The Lord said his reward would be with him when he came.
22:14	cyx0				What blessings will those who was their robes receive?	Those who wash their robes will be able to eat from the tree of life and enter the city by its gates.
22:16	ahf9				How does Jesus say he is related to David?	Jesus says he is the root and offspring of David.
22:18	z5uz				What will God do to anyone who adds to the words of the prophecy of this book?	God will add the plagues written in this book to anyone who adds to the words of its prophecy.
22:19	g4y3				What will God do to anyone who takes away from the words of the book of this prophecy?	God will take away the share of the tree of life and the holy city from anyone who takes away from the words of the book of this prophecy.
22:20	aibw				What are Jesus’ last words in this book?	Jesus’ last words are, “Yes! I am coming quickly."
22:21	noxb				What is the last word in this book?	The last word in this book is “Amen.”
